240171,2021-12-26T08:54:29.777Z,2021-12-26T00:00:00Z,2021-12-23T19:43:10.199Z
239490,2021-11-17T19:27:00.869Z,2021-11-21T00:00:00Z,2021-11-17T14:32:00.079Z
242083,2022-03-15T16:40:13.507Z,2022-03-25T00:00:00Z,2022-03-15T01:44:18.678Z
242102,2022-03-15T17:59:49.369Z,2022-03-15T00:00:00Z,2022-03-15T16:01:24.576Z
242099,2022-03-15T17:58:45.902Z,2022-03-15T00:00:00Z,2022-03-15T15:47:29.816Z
242100,2022-03-15T17:59:04.622Z,2022-03-15T00:00:00Z,2022-03-15T15:56:24.174Z
241648,2022-02-23T16:44:24.46Z,2022-03-06T00:00:00Z,2022-02-23T14:04:30.657Z
244888,2022-05-15T16:33:06.381Z,2022-05-15T00:00:00Z,2022-05-15T04:51:57.714Z
244887,2022-05-15T16:32:46.774Z,2022-05-15T00:00:00Z,2022-05-15T04:49:56.672Z
243246,2022-04-18T16:28:48.718Z,2022-06-30T00:00:00Z,2022-04-13T22:44:23.581Z
247254,2022-09-12T20:19:00.323Z,2022-09-19T00:00:00Z,2022-09-12T20:03:53.731Z
243101,2022-04-11T22:16:04.474Z,2022-06-01T00:00:00Z,2022-04-11T18:32:48.26Z
239220,2021-11-03T16:32:56.373Z,2021-11-03T00:00:00Z,2021-11-03T15:14:55.607Z
241213,2022-01-31T22:01:11.73Z,2022-01-31T00:00:00Z,2022-01-31T08:11:45.964Z
243024,2023-08-24T16:35:25.497Z,2023-01-07T00:00:00Z,2022-04-07T13:11:32.45Z
241215,2022-01-31T22:01:25.203Z,2022-01-31T00:00:00Z,2022-01-31T08:14:50.177Z
239079,2021-10-25T09:38:42.264Z,2021-10-25T00:00:00Z,2021-10-25T07:54:39.42Z
241223,2022-01-31T22:01:32.741Z,2022-01-31T00:00:00Z,2022-01-31T18:28:55.927Z
241212,2022-01-31T22:01:04.244Z,2022-01-31T00:00:00Z,2022-01-31T08:06:53.775Z
238937,2021-10-04T18:26:02.173Z,2021-10-06T00:00:00Z,2021-10-04T17:26:10.445Z
239559,2021-11-22T19:32:29.45Z,2021-11-23T00:00:00Z,2021-11-22T16:09:07.455Z
242424,2022-03-23T22:42:31.64Z,2022-07-24T00:00:00Z,2022-03-23T22:05:53.065Z
243106,2022-04-11T22:21:22.665Z,2022-07-31T00:00:00Z,2022-04-11T22:01:59.065Z
239041,2021-10-20T17:03:31.022Z,2021-10-21T00:00:00Z,2021-10-20T07:55:32.64Z
241447,2022-02-12T16:58:39.732Z,2022-02-17T00:00:00Z,2022-02-12T12:06:22.119Z
245403,2022-05-25T15:29:21.826Z,2022-05-25T00:00:00Z,2022-05-25T08:02:38.903Z
64555,2021-01-28T00:00:00Z,2021-01-29T00:00:00Z,2021-01-29T01:10:03.455Z
240062,2021-12-16T17:54:45.458Z,2021-12-16T00:00:00Z,2021-12-16T11:45:46.077Z
239710,2021-12-01T00:48:01.36Z,2022-01-01T00:00:00Z,2021-11-30T21:17:18.631Z
241667,2022-02-24T14:44:34.321Z,2022-02-26T00:00:00Z,2022-02-23T22:34:30.301Z
226404,2021-07-27T20:43:02.748Z,2021-07-28T00:00:00Z,2021-07-27T20:05:01.293Z
239826,2021-12-04T19:35:03.796Z,2021-12-04T00:00:00Z,2021-12-04T10:33:13.541Z
238792,2021-09-17T21:11:30.654Z,2021-09-19T00:00:00Z,2021-09-17T19:44:16.921Z
242101,2022-03-15T17:59:17.087Z,2022-03-15T00:00:00Z,2022-03-15T15:59:28.034Z
232821,2021-08-11T21:07:18.79Z,2021-09-14T00:00:00Z,2021-08-11T18:26:02.585Z
240066,2021-12-17T20:55:47.024Z,2021-12-19T00:00:00Z,2021-12-16T22:34:47.321Z
242612,2022-03-29T15:51:29.839Z,2022-03-29T00:00:00Z,2022-03-29T14:50:17.487Z
240941,2022-01-24T18:25:33.858Z,2022-06-01T00:00:00Z,2022-01-21T21:04:09.651Z
242610,2022-03-29T15:51:18.325Z,2022-03-29T00:00:00Z,2022-03-29T14:37:29.162Z
242609,2022-03-29T15:50:38.994Z,2022-03-29T00:00:00Z,2022-03-29T14:30:36.468Z
239171,2021-10-31T09:18:21.819Z,2021-10-31T00:00:00Z,2021-10-31T08:06:19.246Z
240169,2021-12-26T08:52:56.23Z,2021-12-26T00:00:00Z,2021-12-23T19:37:50.185Z
243049,2022-04-11T16:00:56.874Z,2022-04-30T00:00:00Z,2022-04-09T00:49:43.295Z
241934,2022-03-06T17:03:27.697Z,2022-03-06T00:00:00Z,2022-03-06T16:27:12.274Z
239467,2021-11-17T19:15:41.401Z,2021-11-17T00:00:00Z,2021-11-17T13:05:55.622Z
244630,2022-05-11T01:18:56.074Z,2022-06-30T00:00:00Z,2022-05-11T00:19:56.026Z
239116,2021-10-28T17:25:50.492Z,2021-10-28T00:00:00Z,2021-10-28T09:13:57.72Z
244677,2022-05-12T21:25:38.384Z,2022-05-20T00:00:00Z,2022-05-12T18:30:45.961Z
239202,2021-11-02T17:02:19.107Z,2021-11-02T00:00:00Z,2021-11-02T10:51:41.575Z
242832,2022-04-04T23:40:46.63Z,2022-04-19T00:00:00Z,2022-04-04T23:28:17.725Z
239917,2021-12-08T20:53:55.507Z,2021-12-08T00:00:00Z,2021-12-08T10:00:12.811Z
241835,2022-03-02T22:06:59.698Z,2022-06-30T00:00:00Z,2022-03-02T22:02:57.997Z
239167,2021-10-31T09:16:47.012Z,2021-10-31T00:00:00Z,2021-10-31T08:02:11.04Z
239169,2021-10-31T09:17:36.581Z,2021-10-31T00:00:00Z,2021-10-31T08:04:15.101Z
242689,2022-04-02T18:52:43.589Z,2022-04-07T00:00:00Z,2022-03-31T21:51:16.59Z
241933,2022-03-06T17:03:13.478Z,2022-03-06T00:00:00Z,2022-03-06T16:25:04.055Z
234146,2021-08-12T19:35:39.723Z,2021-08-19T00:00:00Z,2021-08-12T16:28:01.32Z
228124,2021-08-02T18:36:36.595Z,2021-09-15T00:00:00Z,2021-08-02T18:15:01.561Z
241726,2022-02-25T23:06:19.833Z,2022-03-04T00:00:00Z,2022-02-25T21:51:41.175Z
238885,2021-09-26T06:27:40.671Z,2021-09-26T00:00:00Z,2021-09-26T06:07:50.181Z
224939,2021-07-22T22:52:46.044Z,2021-08-08T00:00:00Z,2021-07-22T18:20:01.169Z
236483,2021-08-16T21:57:44.268Z,2021-09-20T00:00:00Z,2021-08-16T20:04:01.918Z
228141,2021-08-02T20:08:48.67Z,2021-08-16T00:00:00Z,2021-08-02T19:35:01.359Z
239505,2021-11-19T19:41:50.89Z,2021-11-21T00:00:00Z,2021-11-19T14:19:05.921Z
239815,2021-12-04T19:46:02.749Z,2021-12-05T00:00:00Z,2021-12-03T20:10:40.011Z
239723,2021-12-01T20:15:18.562Z,2021-12-04T00:00:00Z,2021-12-01T10:11:31.839Z
241935,2022-03-06T17:03:42.944Z,2022-03-06T00:00:00Z,2022-03-06T16:28:48.315Z
241949,2022-03-07T17:58:25.518Z,2022-03-25T00:00:00Z,2022-03-07T17:22:22.853Z
240195,2021-12-28T03:34:52.902Z,2022-01-12T00:00:00Z,2021-12-27T20:27:26.381Z
239810,2021-12-04T19:41:45.823Z,2021-12-05T00:00:00Z,2021-12-03T20:02:39.722Z
240009,2021-12-13T19:11:24.505Z,2021-12-13T00:00:00Z,2021-12-13T10:10:45.374Z
241915,2022-03-05T15:17:07.074Z,2022-03-05T00:00:00Z,2022-03-05T12:04:24.903Z
239920,2021-12-08T20:56:57.25Z,2021-12-08T00:00:00Z,2021-12-08T10:06:41.141Z
241916,2022-03-05T15:19:43.375Z,2022-03-05T00:00:00Z,2022-03-05T12:10:09.127Z
241920,2022-03-05T15:21:09.895Z,2022-03-05T00:00:00Z,2022-03-05T12:24:58.133Z
241921,2022-03-05T15:21:19.297Z,2022-03-05T00:00:00Z,2022-03-05T12:27:15.38Z
239889,2021-12-07T18:50:25.314Z,2021-12-07T00:00:00Z,2021-12-07T12:11:12.897Z
239450,2021-11-16T17:30:12.903Z,2021-11-16T00:00:00Z,2021-11-16T10:23:35.163Z
243073,2022-04-10T16:52:15.219Z,2022-04-10T00:00:00Z,2022-04-10T16:49:53.153Z
246847,2022-07-27T16:07:46.017Z,2022-12-31T00:00:00Z,2022-07-27T15:43:37.884Z
241511,2022-02-17T18:11:16.966Z,2022-04-20T00:00:00Z,2022-02-16T02:52:33.726Z
231420,2021-08-11T16:51:54.517Z,2022-01-01T00:00:00Z,2021-08-09T19:30:01.232Z
241980,2022-03-09T00:24:57.359Z,2022-05-06T00:00:00Z,2022-03-08T23:51:33.67Z
239461,2021-11-16T18:13:50.673Z,2021-11-24T00:00:00Z,2021-11-16T12:44:29.738Z
239102,2021-10-27T18:20:28.233Z,2021-10-27T00:00:00Z,2021-10-26T22:51:08.481Z
239495,2021-11-18T17:25:19.579Z,2021-11-18T00:00:00Z,2021-11-18T11:12:49.513Z
244367,2022-05-07T01:15:19.87Z,2022-05-15T00:00:00Z,2022-05-06T19:44:47.52Z
245933,2022-05-31T14:37:22.286Z,2022-05-31T00:00:00Z,2022-05-31T08:00:18.971Z
242822,2022-04-04T17:59:23.713Z,2022-12-31T00:00:00Z,2022-04-04T17:30:40.123Z
241919,2022-03-05T15:21:01.192Z,2022-03-05T00:00:00Z,2022-03-05T12:22:14.085Z
228429,2021-08-03T19:42:03.795Z,2021-08-03T00:00:00Z,2021-08-03T19:20:02.985Z
240002,2021-12-12T19:51:20.115Z,2021-12-12T00:00:00Z,2021-12-12T13:43:34.359Z
241510,2022-02-17T18:09:30.203Z,2022-02-25T00:00:00Z,2022-02-16T02:46:57.454Z
239457,2021-11-16T17:50:57.293Z,2021-11-22T00:00:00Z,2021-11-16T12:19:20.583Z
239104,2021-10-27T18:21:39.763Z,2021-10-27T00:00:00Z,2021-10-26T22:55:04.371Z
226647,2021-07-28T19:05:59.108Z,2021-07-30T00:00:00Z,2021-07-28T16:05:01.208Z
239226,2021-11-03T16:48:15.472Z,2021-11-03T00:00:00Z,2021-11-03T15:31:40.481Z
246852,2022-07-28T05:33:14.216Z,2022-08-01T00:00:00Z,2022-07-27T23:37:26.132Z
240007,2021-12-12T19:55:19.261Z,2021-12-25T00:00:00Z,2021-12-12T13:52:22.801Z
239030,2021-10-19T21:20:15.971Z,2021-10-20T00:00:00Z,2021-10-19T17:21:28.536Z
241430,2022-02-12T00:05:16.381Z,2022-02-12T00:00:00Z,2022-02-11T22:51:32.43Z
239345,2021-11-10T19:12:24.475Z,2021-11-30T00:00:00Z,2021-11-10T10:44:56.403Z
245948,2022-05-31T16:33:39.093Z,2022-06-11T00:00:00Z,2022-05-31T15:06:34.741Z
246215,2022-06-03T15:16:17.296Z,2022-06-10T00:00:00Z,2022-06-03T15:00:25.95Z
246856,2022-07-29T17:15:14.722Z,2022-07-31T00:00:00Z,2022-07-28T18:26:21.702Z
239479,2021-11-17T19:23:49.989Z,2021-11-21T00:00:00Z,2021-11-17T14:09:42.752Z
243712,2022-04-26T17:48:26.029Z,2022-05-11T00:00:00Z,2022-04-26T15:45:51.56Z
241451,2022-02-12T17:05:22.489Z,2022-02-17T00:00:00Z,2022-02-12T13:12:13.653Z
238962,2021-10-07T17:55:36.002Z,2021-10-13T00:00:00Z,2021-10-07T17:18:27.357Z
239496,2021-11-18T17:25:32.239Z,2021-11-18T00:00:00Z,2021-11-18T11:14:20.571Z
239468,2021-11-17T19:16:05.487Z,2021-11-17T00:00:00Z,2021-11-17T13:08:47.715Z
246870,2022-07-29T18:22:05.909Z,2022-07-29T00:00:00Z,2022-07-29T18:19:07.835Z
239081,2021-10-25T09:40:39.172Z,2021-10-25T00:00:00Z,2021-10-25T08:05:09.748Z
239620,2021-11-26T19:22:16.907Z,2021-11-26T00:00:00Z,2021-11-26T09:37:58.168Z
224954,2021-07-23T18:55:15.889Z,2022-01-01T00:00:00Z,2021-07-22T19:20:01.114Z
239414,2021-11-13T19:49:37.034Z,2021-11-13T00:00:00Z,2021-11-13T12:48:27.622Z
239108,2021-10-27T22:20:25.369Z,2021-11-04T00:00:00Z,2021-10-27T20:30:27.337Z
242118,2022-03-16T01:01:02.563Z,2022-07-01T00:00:00Z,2022-03-16T00:33:57.392Z
240168,2021-12-26T08:52:32.116Z,2021-12-26T00:00:00Z,2021-12-23T19:35:53.858Z
228975,2021-08-05T18:48:01.075Z,2021-10-15T00:00:00Z,2021-08-05T17:15:01.347Z
240067,2021-12-17T20:55:57.089Z,2021-12-19T00:00:00Z,2021-12-16T22:35:47.384Z
240000,2021-12-12T19:42:50.205Z,2021-12-12T00:00:00Z,2021-12-12T13:41:10.714Z
238907,2021-09-30T22:19:08.587Z,2021-11-30T00:00:00Z,2021-09-29T16:05:08.579Z
239184,2021-11-01T17:43:44.344Z,2021-11-15T00:00:00Z,2021-11-01T07:57:57.652Z
502202,2024-06-13T17:34:59.841Z,2024-06-14T12:00:00Z,2024-06-07T16:03:59.003313Z
502201,2024-06-13T17:34:59.142Z,2024-06-14T12:00:00Z,2024-06-07T16:02:51.968895Z
228983,2021-08-05T18:45:46.309Z,2021-08-10T00:00:00Z,2021-08-05T17:50:01.287Z
242618,2022-03-29T23:15:40.97Z,2022-04-14T00:00:00Z,2022-03-29T22:48:53Z
242491,2022-03-25T18:48:26.344Z,2022-03-27T00:00:00Z,2022-03-25T17:50:08.351Z
241914,2022-03-05T15:16:24.057Z,2022-03-05T00:00:00Z,2022-03-05T11:59:40.722Z
241918,2022-03-05T15:20:53.147Z,2022-03-05T00:00:00Z,2022-03-05T12:19:58.189Z
246553,2022-06-15T21:31:59.694Z,2022-07-28T00:00:00Z,2022-06-15T21:24:32.475Z
239678,2021-11-29T17:47:37.449Z,2021-12-16T00:00:00Z,2021-11-29T11:43:25.339Z
246875,2022-07-29T21:40:01.389Z,2022-08-08T00:00:00Z,2022-07-29T20:06:45.629Z
239297,2021-11-08T20:18:38.996Z,2021-11-08T00:00:00Z,2021-11-08T10:33:49.794Z
242456,2022-03-25T00:03:30.032Z,2022-04-15T00:00:00Z,2022-03-24T21:14:45.798Z
242607,2022-03-29T15:48:30.921Z,2022-03-29T00:00:00Z,2022-03-29T14:10:11.068Z
239667,2021-11-29T17:28:01.989Z,2021-11-29T00:00:00Z,2021-11-29T10:24:33.188Z
242613,2022-03-29T15:51:38.566Z,2022-03-29T00:00:00Z,2022-03-29T14:53:13.126Z
247259,2022-09-12T22:24:10.36Z,2022-09-30T00:00:00Z,2022-09-12T22:03:28.719Z
239295,2021-11-08T20:13:27.435Z,2021-11-08T00:00:00Z,2021-11-08T10:29:41.83Z
239311,2021-11-09T16:59:58.037Z,2021-11-15T00:00:00Z,2021-11-09T11:20:22.861Z
239587,2021-11-24T19:08:16.253Z,2021-11-24T00:00:00Z,2021-11-24T12:30:50.154Z
240484,2022-01-12T21:01:20.907Z,2022-03-01T00:00:00Z,2022-01-11T16:49:28.072Z
246876,2022-07-29T21:40:18.367Z,2022-08-08T00:00:00Z,2022-07-29T20:11:41.417Z
246093,2022-06-02T14:51:16.973Z,2022-06-02T00:00:00Z,2022-06-02T08:00:16.44Z
240487,2022-01-12T21:01:25.748Z,2022-03-01T00:00:00Z,2022-01-11T16:51:43.582Z
239562,2021-11-22T19:35:40.492Z,2021-11-22T00:00:00Z,2021-11-22T16:49:05.119Z
239789,2021-12-02T21:16:42.089Z,2021-12-25T00:00:00Z,2021-12-02T18:35:17.252Z
239855,2021-12-06T17:46:21.078Z,2021-12-06T00:00:00Z,2021-12-06T15:42:14.33Z
239636,2021-11-28T16:53:35.335Z,2021-12-31T00:00:00Z,2021-11-27T22:58:47.764Z
240153,2021-12-23T18:02:27.569Z,2021-12-23T00:00:00Z,2021-12-23T10:53:25.729Z
239675,2021-11-29T17:44:07.89Z,2021-12-31T00:00:00Z,2021-11-29T10:54:59.777Z
240483,2022-01-12T21:01:17.176Z,2022-03-01T00:00:00Z,2022-01-11T16:48:44.083Z
239926,2021-12-08T21:20:08.928Z,2021-12-08T00:00:00Z,2021-12-08T10:20:45.869Z
238809,2021-09-22T20:56:06.692Z,2021-09-24T00:00:00Z,2021-09-21T16:00:30.242Z
240478,2022-01-12T20:59:25.579Z,2022-03-01T00:00:00Z,2022-01-11T16:46:04.273Z
240079,2021-12-17T22:33:24.09Z,2021-12-20T00:00:00Z,2021-12-16T23:16:49.759Z
240482,2022-01-12T21:00:46.815Z,2022-03-01T00:00:00Z,2022-01-11T16:48:03.999Z
244402,2022-05-08T00:36:15.416Z,2022-05-08T00:00:00Z,2022-05-08T00:05:18.648Z
238695,2021-09-01T20:43:45.113Z,2021-09-02T00:00:00Z,2021-08-31T17:32:01.356Z
238662,2021-08-28T17:19:58.383Z,2021-08-28T00:00:00Z,2021-08-26T19:48:01.291Z
247238,2022-09-12T22:33:51.342Z,2023-01-03T00:00:00Z,2022-09-12T17:01:14.032Z
241665,2022-02-24T14:46:47.441Z,2022-02-26T00:00:00Z,2022-02-23T22:05:59.829Z
243999,2022-05-02T14:15:10.446Z,2022-05-02T00:00:00Z,2022-05-02T08:11:46.36Z
239166,2021-10-31T09:16:24.614Z,2021-10-31T00:00:00Z,2021-10-31T08:01:27.026Z
238689,2021-09-01T00:02:15.255Z,2021-09-12T00:00:00Z,2021-08-31T06:40:01.086Z
236450,2021-08-16T21:44:51.082Z,2021-09-19T00:00:00Z,2021-08-16T19:04:01.727Z
244001,2022-05-02T14:16:06.626Z,2022-05-02T00:00:00Z,2022-05-02T08:16:23.044Z
243998,2022-05-02T14:14:40.43Z,2022-05-02T00:00:00Z,2022-05-02T08:09:27.26Z
238897,2021-09-27T19:17:26.092Z,2021-09-27T00:00:00Z,2021-09-27T19:10:39.671Z
244591,2022-05-09T20:23:45.587Z,2022-06-02T00:00:00Z,2022-05-09T20:12:01.283Z
238522,2021-08-20T01:51:06.222Z,2021-09-30T00:00:00Z,2021-08-19T15:32:01.941Z
244000,2022-05-02T14:15:58.457Z,2022-05-02T00:00:00Z,2022-05-02T08:14:02.749Z
246877,2022-07-29T21:41:18.281Z,2022-08-05T00:00:00Z,2022-07-29T20:16:45.544Z
239611,2021-11-26T19:19:33.435Z,2021-11-26T00:00:00Z,2021-11-26T09:07:18.747Z
240271,2022-01-01T21:36:23.672Z,2022-01-02T00:00:00Z,2022-01-01T21:17:55.827Z
238918,2021-10-04T21:35:28.95Z,2021-11-06T00:00:00Z,2021-09-30T19:34:49.176Z
242183,2022-03-17T23:21:25.158Z,2022-12-31T00:00:00Z,2022-03-17T19:27:04.169Z
46924,2021-01-18T00:00:00Z,2021-01-25T00:00:00Z,2021-01-18T16:55:03.274Z
241623,2022-02-19T17:08:48.228Z,2022-02-20T00:00:00Z,2022-02-19T16:41:36.003Z
239947,2021-12-10T18:05:26.86Z,2021-12-10T00:00:00Z,2021-12-10T16:44:32.06Z
239044,2021-10-21T03:45:59.15Z,2021-10-21T00:00:00Z,2021-10-20T17:45:45.114Z
240013,2021-12-13T19:13:55.124Z,2021-12-13T00:00:00Z,2021-12-13T10:17:29.656Z
245688,2022-05-28T18:08:48.155Z,2022-05-28T00:00:00Z,2022-05-28T08:07:09.718Z
240751,2022-01-15T05:19:18.823Z,2022-01-17T00:00:00Z,2022-01-14T19:34:40.744Z
239444,2021-11-15T18:32:11.694Z,2021-11-18T00:00:00Z,2021-11-15T11:23:05.697Z
246873,2022-07-29T21:31:53.778Z,2022-07-30T00:00:00Z,2022-07-29T19:02:17.934Z
246872,2022-07-29T21:32:35.153Z,2022-07-30T00:00:00Z,2022-07-29T19:00:29.784Z
247256,2022-09-13T15:51:15.762Z,2022-09-13T00:00:00Z,2022-09-12T20:59:49.358Z
247257,2022-09-13T15:52:30.827Z,2022-09-14T00:00:00Z,2022-09-12T21:04:03.103Z
241626,2022-02-19T19:02:52.929Z,2022-05-01T00:00:00Z,2022-02-19T18:32:03.425Z
247258,2022-09-13T15:53:40.477Z,2022-09-14T00:00:00Z,2022-09-12T21:14:48.066Z
246874,2022-07-29T21:32:09.531Z,2022-07-30T00:00:00Z,2022-07-29T19:04:40.274Z
246871,2022-07-29T21:31:43.369Z,2022-07-30T00:00:00Z,2022-07-29T18:57:25.101Z
246547,2022-06-14T21:03:41.158Z,2022-06-20T00:00:00Z,2022-06-14T20:48:45.822Z
241962,2022-03-08T18:33:35.108Z,2022-03-08T00:00:00Z,2022-03-08T11:16:19.223Z
241967,2022-03-08T21:21:20.019Z,2022-03-08T00:00:00Z,2022-03-08T11:50:17.093Z
239344,2021-11-10T17:43:38.586Z,2021-11-18T00:00:00Z,2021-11-10T10:13:47.112Z
247255,2022-09-13T15:49:31.756Z,2022-09-13T00:00:00Z,2022-09-12T20:57:16.986Z
241964,2022-03-08T21:20:10.811Z,2022-03-08T00:00:00Z,2022-03-08T11:34:04.378Z
241485,2022-02-14T21:38:41.62Z,2022-04-01T00:00:00Z,2022-02-14T21:35:05.546Z
241969,2022-03-08T21:21:44.63Z,2022-03-08T00:00:00Z,2022-03-08T12:15:34.861Z
240707,2022-01-13T22:37:20.083Z,2022-01-23T00:00:00Z,2022-01-13T21:27:53.872Z
226781,2021-07-29T03:41:57.921Z,2021-07-30T00:00:00Z,2021-07-29T02:55:01.367Z
240215,2021-12-28T17:32:28.027Z,2022-01-14T00:00:00Z,2021-12-28T08:45:32.055Z
244599,2022-05-09T22:35:42.899Z,2022-05-20T00:00:00Z,2022-05-09T22:34:20.278Z
239515,2021-11-20T19:57:41.131Z,2021-11-20T00:00:00Z,2021-11-20T15:08:41.973Z
242686,2022-03-31T23:23:52.194Z,2022-04-03T00:00:00Z,2022-03-31T21:11:06.508Z
241970,2022-03-08T21:21:58.15Z,2022-03-08T00:00:00Z,2022-03-08T12:16:50.648Z
240438,2022-01-12T20:53:59.219Z,2022-04-01T00:00:00Z,2022-01-11T16:10:26.088Z
240705,2022-01-13T22:36:59.055Z,2022-01-14T00:00:00Z,2022-01-13T21:23:25.576Z
240706,2022-01-13T22:37:08.465Z,2022-01-19T00:00:00Z,2022-01-13T21:25:45.704Z
246775,2022-07-20T21:14:20.798Z,2022-12-31T00:00:00Z,2022-07-20T20:09:56.986Z
241975,2022-03-08T21:29:13.801Z,2022-03-08T00:00:00Z,2022-03-08T20:10:45.449Z
240044,2021-12-15T21:32:14.838Z,2021-12-15T00:00:00Z,2021-12-15T09:55:01.05Z
502778,2024-06-22T21:47:10.004Z,2024-06-26T12:00:00Z,2024-06-22T21:33:06.042608Z
242140,2023-08-24T16:35:26.289Z,2022-05-14T00:00:00Z,2022-03-17T01:10:29.181Z
239445,2021-11-15T20:46:49.752Z,2021-11-18T00:00:00Z,2021-11-15T18:05:10.877Z
239106,2021-10-27T19:53:29.04Z,2021-10-27T00:00:00Z,2021-10-27T19:16:57.531Z
239180,2021-10-31T09:21:11.415Z,2021-10-31T00:00:00Z,2021-10-31T08:32:32.436Z
239613,2021-11-26T19:20:08.147Z,2021-11-26T00:00:00Z,2021-11-26T09:11:20.956Z
239324,2021-11-10T07:06:49.702Z,2021-11-19T00:00:00Z,2021-11-09T20:50:19.701Z
241966,2022-03-08T21:20:41.097Z,2022-03-08T00:00:00Z,2022-03-08T11:48:44.931Z
241968,2022-03-08T21:21:35.531Z,2022-03-08T00:00:00Z,2022-03-08T12:08:10.213Z
247262,2022-09-13T18:26:29.635Z,2022-10-13T00:00:00Z,2022-09-13T17:44:15.604Z
247261,2022-09-13T18:25:31.538Z,2022-10-13T00:00:00Z,2022-09-13T17:41:39.031Z
239023,2021-10-19T18:23:57.086Z,2021-10-18T00:00:00Z,2021-10-19T16:55:03.189Z
239091,2021-10-26T08:49:22.887Z,2021-10-26T00:00:00Z,2021-10-25T23:17:54.845Z
240708,2022-01-13T22:38:43.988Z,2022-01-26T00:00:00Z,2022-01-13T21:30:53.954Z
247260,2022-09-13T18:24:37.351Z,2022-10-13T00:00:00Z,2022-09-13T17:39:12.209Z
238936,2021-10-04T18:21:44.816Z,2021-10-05T00:00:00Z,2021-10-04T17:21:06.701Z
239742,2021-12-01T20:10:50.849Z,2021-12-31T00:00:00Z,2021-12-01T14:11:18.607Z
247263,2022-09-13T18:26:47.4Z,2022-10-13T00:00:00Z,2022-09-13T17:48:08.074Z
239722,2021-12-01T20:12:40.399Z,2021-12-04T00:00:00Z,2021-12-01T10:05:15.458Z
240017,2021-12-13T19:14:15.629Z,2021-12-13T00:00:00Z,2021-12-13T10:24:45.926Z
239648,2021-11-28T16:50:45.116Z,2021-11-28T00:00:00Z,2021-11-28T16:11:50.803Z
239513,2021-11-19T19:43:51.922Z,2021-12-01T00:00:00Z,2021-11-19T15:34:45.857Z
246880,2022-07-30T00:33:01.522Z,2022-08-02T00:00:00Z,2022-07-29T22:27:12.164Z
225263,2021-07-23T22:59:21.72Z,2021-08-05T00:00:00Z,2021-07-23T20:45:01.531Z
239266,2021-11-06T18:46:04.92Z,2021-11-06T00:00:00Z,2021-11-06T13:36:11.451Z
241119,2022-01-27T23:36:55.806Z,2022-02-10T00:00:00Z,2022-01-27T14:32:20.007Z
241637,2022-02-22T19:18:19.44Z,2022-02-22T00:00:00Z,2022-02-22T12:22:25.955Z
241636,2022-02-22T19:18:09.56Z,2022-02-22T00:00:00Z,2022-02-22T12:20:54.065Z
243554,2022-04-22T14:40:34.698Z,2022-04-22T00:00:00Z,2022-04-22T07:03:13.412Z
240155,2021-12-23T18:06:41.78Z,2021-12-23T00:00:00Z,2021-12-23T14:06:24.293Z
241805,2022-03-01T19:57:35.345Z,2022-03-15T00:00:00Z,2022-03-01T18:34:18.434Z
240008,2021-12-13T19:10:48.385Z,2021-12-13T00:00:00Z,2021-12-13T10:08:58.006Z
243557,2022-04-22T14:41:55.41Z,2022-04-22T00:00:00Z,2022-04-22T07:10:02.011Z
238696,2021-09-01T20:44:22.959Z,2021-09-13T00:00:00Z,2021-09-01T18:06:01.324Z
241638,2022-02-22T19:18:28.225Z,2022-02-22T00:00:00Z,2022-02-22T12:31:50.639Z
243555,2022-04-22T14:41:24.114Z,2022-04-22T00:00:00Z,2022-04-22T07:05:27.885Z
243556,2022-04-22T14:41:36.998Z,2022-04-22T00:00:00Z,2022-04-22T07:07:44.41Z
239353,2021-11-10T20:22:13.526Z,2021-11-11T00:00:00Z,2021-11-10T19:24:58.225Z
241979,2022-03-09T00:23:11.377Z,2022-03-25T00:00:00Z,2022-03-08T23:45:25.272Z
247265,2022-09-13T23:32:27.756Z,2022-09-23T00:00:00Z,2022-09-13T20:54:49.019Z
240164,2021-12-26T08:50:08.141Z,2021-12-26T00:00:00Z,2021-12-23T19:27:05.318Z
238647,2021-08-26T21:59:58.986Z,2021-10-05T00:00:00Z,2021-08-24T17:46:01.357Z
246766,2022-07-18T18:46:24.421Z,2023-01-01T00:00:00Z,2022-07-18T18:18:23.861Z
241029,2022-01-26T21:06:56.324Z,2022-02-09T00:00:00Z,2022-01-25T22:28:52.803Z
246879,2022-07-30T00:36:48.512Z,2022-08-08T00:00:00Z,2022-07-29T22:14:04.102Z
239092,2021-10-26T08:50:01.494Z,2021-10-26T00:00:00Z,2021-10-25T23:19:52.917Z
240142,2021-12-23T16:55:13.445Z,2022-01-01T00:00:00Z,2021-12-22T18:48:37.278Z
246878,2022-07-30T00:37:20.007Z,2022-08-08T00:00:00Z,2022-07-29T22:10:52.547Z
246499,2022-06-07T20:47:38.714Z,2022-06-14T00:00:00Z,2022-06-07T20:45:18.818Z
242273,2022-03-19T17:14:29.814Z,2022-03-19T00:00:00Z,2022-03-19T09:06:19.049Z
242274,2022-03-19T17:14:40.346Z,2022-03-19T00:00:00Z,2022-03-19T09:07:20.747Z
243297,2022-04-15T16:28:44.222Z,2022-04-15T00:00:00Z,2022-04-15T07:39:08.469Z
238924,2021-10-01T21:45:56.128Z,2021-11-02T00:00:00Z,2021-10-01T18:08:38.91Z
240820,2022-01-19T01:22:26.484Z,2022-01-18T00:00:00Z,2022-01-18T15:53:35.823Z
244407,2022-05-08T15:40:58.59Z,2022-05-08T00:00:00Z,2022-05-08T08:09:30.281Z
241791,2022-03-01T01:29:12.746Z,2022-03-10T00:00:00Z,2022-03-01T01:24:40.171Z
244640,2022-05-11T22:35:39.818Z,2022-06-10T00:00:00Z,2022-05-11T17:10:15.622Z
242278,2022-03-19T17:15:26.485Z,2022-03-19T00:00:00Z,2022-03-19T09:08:18.708Z
241807,2022-03-01T21:04:12.148Z,2023-01-01T00:00:00Z,2022-03-01T19:34:01.656Z
243579,2022-04-22T16:31:25.223Z,2022-05-01T00:00:00Z,2022-04-22T16:23:41.964Z
243048,2022-04-08T18:08:51.761Z,2022-04-08T00:00:00Z,2022-04-08T16:01:43.99Z
234234,2021-08-12T18:57:55.949Z,2021-08-31T00:00:00Z,2021-08-12T17:48:01.956Z
237250,2021-08-18T00:05:22.475Z,2021-10-01T00:00:00Z,2021-08-17T21:32:01.278Z
238930,2021-10-01T22:18:49.537Z,2021-10-03T00:00:00Z,2021-10-01T21:27:00.968Z
239066,2021-10-22T16:00:15.18Z,2021-10-22T00:00:00Z,2021-10-21T16:52:39.622Z
244604,2022-05-10T15:18:33.239Z,2022-05-10T00:00:00Z,2022-05-10T07:56:00.209Z
241899,2022-03-04T17:47:38.292Z,2022-04-30T00:00:00Z,2022-03-04T17:19:04.811Z
244602,2022-05-10T15:18:22.66Z,2022-05-10T00:00:00Z,2022-05-10T07:50:15.529Z
239436,2021-11-15T18:26:12.562Z,2021-11-15T00:00:00Z,2021-11-15T11:02:32.528Z
243307,2022-04-15T16:29:05.541Z,2022-04-15T00:00:00Z,2022-04-15T08:03:19.647Z
239403,2021-11-15T17:19:26.962Z,2021-11-27T00:00:00Z,2021-11-13T00:59:55.366Z
242275,2022-03-19T17:14:53.706Z,2022-03-19T00:00:00Z,2022-03-19T09:07:33.548Z
240162,2021-12-26T08:49:19.184Z,2021-12-26T00:00:00Z,2021-12-23T19:23:17.294Z
242277,2022-03-19T17:15:16.744Z,2022-03-19T00:00:00Z,2022-03-19T09:08:06.089Z
243300,2022-04-15T16:28:52.728Z,2022-04-15T00:00:00Z,2022-04-15T07:47:01.187Z
239153,2021-10-30T19:11:07.622Z,2021-10-30T00:00:00Z,2021-10-30T13:32:41.15Z
239071,2021-10-23T21:40:24.665Z,2021-10-23T00:00:00Z,2021-10-23T18:36:45.363Z
239720,2021-12-01T19:44:13.676Z,2021-12-02T00:00:00Z,2021-12-01T09:57:38.773Z
239568,2021-11-22T18:27:41.363Z,2021-12-02T00:00:00Z,2021-11-22T18:07:56.242Z
228208,2021-08-03T01:20:44.75Z,2021-08-06T00:00:00Z,2021-08-03T01:05:02.59Z
239885,2021-12-09T18:46:53.542Z,2021-12-09T00:00:00Z,2021-12-07T11:37:10.808Z
239040,2021-10-20T17:02:55.841Z,2021-10-25T00:00:00Z,2021-10-20T07:52:10.12Z
245937,2022-05-31T14:38:23.29Z,2022-05-31T00:00:00Z,2022-05-31T08:09:36.485Z
241977,2022-03-09T00:20:32.64Z,2022-04-30T00:00:00Z,2022-03-08T23:34:48.948Z
246498,2022-06-07T18:42:00.615Z,2022-06-17T00:00:00Z,2022-06-07T12:11:17.978Z
242967,2022-04-06T16:27:28.909Z,2022-04-06T00:00:00Z,2022-04-06T14:32:41.03Z
244605,2022-05-10T15:19:08.04Z,2022-05-10T00:00:00Z,2022-05-10T07:58:16.307Z
244606,2022-05-10T15:19:31.032Z,2022-05-10T00:00:00Z,2022-05-10T08:01:59.776Z
242969,2022-04-06T16:28:41.558Z,2022-04-06T00:00:00Z,2022-04-06T15:11:23.911Z
239097,2021-10-27T22:46:21.4Z,2021-10-27T00:00:00Z,2021-10-26T22:41:49.508Z
241948,2022-03-07T17:57:47.629Z,2022-03-15T00:00:00Z,2022-03-07T17:19:34.852Z
242966,2022-04-06T16:26:48.096Z,2022-04-06T00:00:00Z,2022-04-06T14:29:22.502Z
242432,2022-04-05T16:28:39.896Z,2022-08-01T00:00:00Z,2022-03-24T16:14:17.276Z
239530,2021-11-22T18:46:47.153Z,2021-12-01T00:00:00Z,2021-11-20T23:47:44.204Z
243278,2022-04-14T18:58:43.536Z,2022-06-01T00:00:00Z,2022-04-14T18:48:51.589Z
238984,2021-10-13T21:59:15.793Z,2021-10-14T00:00:00Z,2021-10-13T21:51:14.981Z
242971,2022-04-06T16:32:32.698Z,2022-04-06T00:00:00Z,2022-04-06T15:16:53.909Z
242970,2022-04-06T16:32:19.209Z,2022-04-06T00:00:00Z,2022-04-06T15:13:04.23Z
238699,2021-09-01T20:50:46.509Z,2021-09-16T00:00:00Z,2021-09-01T20:04:01.319Z
238920,2021-10-01T19:20:33.955Z,2021-10-31T00:00:00Z,2021-09-30T20:22:38.067Z
239867,2021-12-06T19:46:31.506Z,2021-12-07T00:00:00Z,2021-12-06T18:54:31.046Z
243551,2022-04-21T20:37:50.903Z,2022-04-23T00:00:00Z,2022-04-21T20:19:46.156Z
246523,2022-06-10T15:43:07.956Z,2022-06-17T00:00:00Z,2022-06-10T15:02:47.815Z
243578,2022-04-22T15:55:08.483Z,2022-04-24T00:00:00Z,2022-04-22T14:42:24.951Z
239289,2021-11-07T21:15:58.569Z,2021-11-07T00:00:00Z,2021-11-07T13:55:38.742Z
239670,2021-11-29T17:28:36.366Z,2021-11-29T00:00:00Z,2021-11-29T10:29:09.4Z
245527,2022-05-26T16:00:59.943Z,2022-05-26T00:00:00Z,2022-05-26T07:14:01.121Z
238741,2021-09-13T20:12:47.047Z,2021-09-15T00:00:00Z,2021-09-13T17:30:01.535Z
246712,2022-07-13T17:50:02.406Z,2022-08-30T00:00:00Z,2022-07-13T15:52:51.621Z
242104,2022-03-15T18:44:07.556Z,2022-07-31T00:00:00Z,2022-03-15T17:11:47.748Z
242280,2022-03-19T17:15:53.564Z,2022-03-19T00:00:00Z,2022-03-19T09:08:46.943Z
238686,2021-08-31T02:03:23.32Z,2021-09-01T00:00:00Z,2021-08-30T21:20:01.346Z
240859,2022-01-19T19:37:14.086Z,2022-01-19T00:00:00Z,2022-01-19T18:51:32.891Z
240861,2022-01-19T19:38:07.575Z,2022-01-19T00:00:00Z,2022-01-19T18:58:05.378Z
240858,2022-01-19T19:36:38.451Z,2022-01-19T00:00:00Z,2022-01-19T18:33:48.255Z
239315,2021-11-09T18:49:53.633Z,2021-11-15T00:00:00Z,2021-11-09T17:21:42.047Z
245280,2022-05-24T18:52:59.273Z,2022-07-31T00:00:00Z,2022-05-24T18:23:34.959Z
239057,2021-10-24T17:51:22.183Z,2021-10-24T00:00:00Z,2021-10-20T19:47:10.065Z
244164,2022-05-03T22:11:00.662Z,2023-01-01T00:00:00Z,2022-05-03T21:31:41.571Z
239172,2021-10-31T09:18:37.387Z,2021-10-31T00:00:00Z,2021-10-31T08:07:43.246Z
244165,2022-05-03T22:11:25.996Z,2023-01-01T00:00:00Z,2022-05-03T21:33:45.54Z
239380,2021-11-12T20:18:44.065Z,2021-11-12T00:00:00Z,2021-11-12T11:22:19.284Z
244163,2022-05-03T22:10:30.68Z,2023-01-01T00:00:00Z,2022-05-03T21:29:33.604Z
240863,2022-01-19T19:39:15.266Z,2022-01-19T00:00:00Z,2022-01-19T19:14:22.115Z
245160,2022-05-22T16:08:45.826Z,2022-05-22T00:00:00Z,2022-05-22T08:02:39.913Z
239859,2021-12-06T17:41:21.937Z,2021-12-14T00:00:00Z,2021-12-06T16:31:25.565Z
239879,2021-12-07T18:52:01.963Z,2021-12-07T00:00:00Z,2021-12-07T11:15:45.225Z
244946,2022-05-18T15:58:16.853Z,2022-05-18T00:00:00Z,2022-05-18T06:43:46.208Z
243916,2022-04-28T22:04:16.601Z,2022-04-30T00:00:00Z,2022-04-28T20:52:13.672Z
242254,2022-03-18T18:58:28.446Z,2022-04-20T00:00:00Z,2022-03-18T18:52:29.217Z
239492,2021-11-17T19:31:37.795Z,2021-11-24T00:00:00Z,2021-11-17T14:45:32.747Z
240182,2021-12-26T21:05:05.797Z,2021-12-26T00:00:00Z,2021-12-26T17:58:06.702Z
246626,2022-06-29T23:55:41.921Z,2022-07-31T00:00:00Z,2022-06-29T23:28:11.454Z
240045,2021-12-15T21:32:23.248Z,2021-12-15T00:00:00Z,2021-12-15T09:56:41.15Z
239802,2021-12-03T20:05:37.811Z,2021-12-03T00:00:00Z,2021-12-03T18:43:33.348Z
238716,2021-09-09T02:00:27.605Z,2021-09-09T00:00:00Z,2021-09-08T19:50:01.506Z
239484,2021-11-17T19:24:58.455Z,2021-11-21T00:00:00Z,2021-11-17T14:16:07.155Z
240862,2022-01-19T19:38:49.312Z,2022-01-19T00:00:00Z,2022-01-19T19:00:41.508Z
240860,2022-01-19T19:37:55.014Z,2022-01-19T00:00:00Z,2022-01-19T18:53:56.983Z
239308,2021-11-09T16:50:30.461Z,2021-11-11T00:00:00Z,2021-11-09T11:06:50.838Z
239114,2021-10-28T17:23:39.269Z,2021-10-28T00:00:00Z,2021-10-28T09:11:13.018Z
242406,2022-03-24T15:43:19.689Z,2022-04-15T00:00:00Z,2022-03-23T18:25:59.633Z
239347,2021-11-10T20:19:11.256Z,2021-11-11T00:00:00Z,2021-11-10T19:06:29.767Z
245278,2022-05-26T18:36:49.359Z,2022-05-31T00:00:00Z,2022-05-24T14:46:55.944Z
246675,2022-07-11T15:37:06.401Z,2022-07-25T00:00:00Z,2022-07-09T15:39:02.056Z
239801,2021-12-03T20:05:05.224Z,2021-12-03T00:00:00Z,2021-12-03T18:42:27.842Z
242518,2022-03-26T19:43:58.434Z,2022-03-26T00:00:00Z,2022-03-26T09:10:21.579Z
246679,2022-07-11T15:35:59.688Z,2022-07-25T00:00:00Z,2022-07-11T12:59:46.129Z
245571,2022-05-27T16:19:50.46Z,2023-01-01T00:00:00Z,2022-05-27T16:05:12.431Z
238958,2021-10-07T17:10:03.91Z,2021-10-10T00:00:00Z,2021-10-07T15:28:19.696Z
239923,2021-12-08T21:19:42.289Z,2021-12-08T00:00:00Z,2021-12-08T10:14:13.472Z
239696,2021-11-30T18:28:41.179Z,2021-12-13T00:00:00Z,2021-11-30T12:31:54.76Z
240120,2021-12-21T18:19:02.488Z,2021-12-21T00:00:00Z,2021-12-21T14:39:04.288Z
243674,2022-04-25T22:19:05.545Z,2022-05-04T00:00:00Z,2022-04-25T19:54:10.767Z
238966,2021-10-07T22:43:12.911Z,2021-11-24T00:00:00Z,2021-10-07T21:11:18.79Z
239386,2021-11-12T20:21:03.913Z,2021-11-14T00:00:00Z,2021-11-12T12:07:57.637Z
242513,2022-03-26T19:41:53.773Z,2022-03-26T00:00:00Z,2022-03-26T09:08:50.552Z
242516,2022-03-26T19:42:07.956Z,2022-03-26T00:00:00Z,2022-03-26T09:09:45.994Z
239163,2021-10-31T09:14:26.413Z,2021-10-31T00:00:00Z,2021-10-31T07:52:38.744Z
239263,2021-11-06T18:44:23.201Z,2021-11-06T00:00:00Z,2021-11-06T13:26:59.202Z
239375,2021-11-11T23:55:12.553Z,2021-11-19T00:00:00Z,2021-11-11T18:53:34.4Z
242422,2022-03-24T17:21:16.283Z,2022-05-19T00:00:00Z,2022-03-23T19:26:03.991Z
239691,2021-11-30T18:23:22.04Z,2021-11-30T00:00:00Z,2021-11-30T10:47:30.016Z
244172,2022-05-04T14:09:28.145Z,2022-05-04T00:00:00Z,2022-05-04T08:04:54.188Z
244170,2022-05-04T14:09:16.451Z,2022-05-04T00:00:00Z,2022-05-04T08:00:22.081Z
242648,2022-04-04T16:08:03.309Z,2022-04-15T00:00:00Z,2022-03-30T23:33:16.961Z
235079,2021-08-16T19:09:20.136Z,2021-08-16T00:00:00Z,2021-08-13T21:06:01.397Z
239393,2021-11-14T05:00:44.015Z,2021-11-14T00:00:00Z,2021-11-12T22:10:13.114Z
239692,2021-11-30T18:25:11.628Z,2021-11-30T00:00:00Z,2021-11-30T11:10:38.916Z
242279,2022-03-19T17:15:38.163Z,2022-03-19T00:00:00Z,2022-03-19T09:08:34.214Z
238715,2021-09-07T23:13:12.296Z,2021-09-21T00:00:00Z,2021-09-07T22:56:01.409Z
239796,2021-12-03T20:02:01.04Z,2021-12-07T00:00:00Z,2021-12-03T18:19:38.357Z
244173,2022-05-04T14:09:33.286Z,2022-05-04T00:00:00Z,2022-05-04T08:07:10.099Z
239382,2021-11-12T20:19:08.23Z,2021-11-12T00:00:00Z,2021-11-12T11:25:31.428Z
241911,2022-03-05T00:30:58.709Z,2022-03-05T00:00:00Z,2022-03-04T23:20:05.3Z
239328,2021-11-09T21:44:07.593Z,2021-11-15T00:00:00Z,2021-11-09T21:17:29.015Z
239642,2021-11-28T16:48:21.48Z,2021-11-28T00:00:00Z,2021-11-28T16:03:54.389Z
119008,2021-04-08T00:00:00Z,2021-04-23T00:00:00Z,2021-04-08T20:35:03.47Z
238708,2021-09-07T15:51:54.884Z,2021-09-07T00:00:00Z,2021-09-07T14:06:01.35Z
246610,2022-06-29T22:23:09.259Z,2022-12-31T00:00:00Z,2022-06-29T21:46:35.407Z
243041,2022-04-08T18:06:33.722Z,2022-04-08T00:00:00Z,2022-04-08T15:16:11.983Z
243039,2022-04-08T18:04:49.364Z,2022-04-08T00:00:00Z,2022-04-08T15:12:17.767Z
243043,2022-04-08T18:07:33.333Z,2022-04-08T00:00:00Z,2022-04-08T15:25:50.418Z
240037,2021-12-16T00:02:53.761Z,2022-01-09T00:00:00Z,2021-12-14T23:05:46.04Z
241250,2022-02-04T21:46:15.833Z,2022-02-13T00:00:00Z,2022-02-01T14:18:20.107Z
239573,2021-11-23T20:06:25.196Z,2021-11-23T00:00:00Z,2021-11-23T15:32:22.078Z
242003,2022-03-10T17:16:30.974Z,2022-03-10T00:00:00Z,2022-03-10T11:45:43.012Z
242090,2022-03-15T16:48:24.954Z,2022-05-05T00:00:00Z,2022-03-15T07:48:13.701Z
242002,2022-03-10T17:16:19.175Z,2022-03-10T00:00:00Z,2022-03-10T11:30:25.406Z
243044,2022-04-08T18:07:45.429Z,2022-04-08T00:00:00Z,2022-04-08T15:29:51.534Z
239257,2021-11-05T19:54:36.942Z,2021-11-05T00:00:00Z,2021-11-05T12:53:10.942Z
234978,2021-08-13T18:57:06.452Z,2021-12-21T00:00:00Z,2021-08-13T17:42:01.115Z
239845,2021-12-05T20:46:52.645Z,2021-12-05T00:00:00Z,2021-12-05T17:27:53.008Z
246892,2022-08-02T20:49:36.305Z,2022-08-31T00:00:00Z,2022-08-02T17:44:23.321Z
244171,2022-05-04T14:09:22.231Z,2022-05-04T00:00:00Z,2022-05-04T08:02:37.581Z
239292,2021-11-08T20:12:36.924Z,2021-11-11T00:00:00Z,2021-11-08T10:09:00.779Z
239396,2021-11-14T05:01:21.576Z,2021-11-14T00:00:00Z,2021-11-12T22:18:21.586Z
240043,2021-12-15T21:08:14.522Z,2021-12-15T00:00:00Z,2021-12-15T09:51:48.918Z
239048,2021-10-21T03:51:02.557Z,2021-10-21T00:00:00Z,2021-10-20T18:37:59.944Z
241624,2022-02-19T18:17:03.741Z,2022-02-25T00:00:00Z,2022-02-19T18:01:16.641Z
64199,2021-01-28T00:00:00Z,2021-02-07T00:00:00Z,2021-01-28T21:25:03.114Z
240267,2022-01-01T21:34:34.417Z,2022-01-01T00:00:00Z,2022-01-01T20:51:50.573Z
247043,2022-08-23T16:51:27.621Z,2022-08-26T00:00:00Z,2022-08-22T15:26:59.747Z
239165,2021-10-31T09:15:50.03Z,2021-10-31T00:00:00Z,2021-10-31T07:55:46.718Z
246790,2022-07-22T17:58:40.442Z,2022-07-24T00:00:00Z,2022-07-22T12:33:30.954Z
242017,2022-03-11T20:34:16.099Z,2022-03-11T00:00:00Z,2022-03-11T13:31:36.959Z
242016,2022-03-11T20:34:03.701Z,2022-03-11T00:00:00Z,2022-03-11T13:25:31.245Z
243235,2022-04-13T22:02:36.273Z,2022-04-24T00:00:00Z,2022-04-13T21:03:12.822Z
242619,2022-03-29T23:11:07.744Z,2022-05-01T00:00:00Z,2022-03-29T22:56:58.208Z
243969,2022-05-01T14:06:02.985Z,2022-05-01T00:00:00Z,2022-05-01T06:13:49.73Z
238640,2021-08-22T04:54:40.909Z,2021-08-22T00:00:00Z,2021-08-22T04:44:01.426Z
239027,2021-10-19T21:18:28.759Z,2021-10-20T00:00:00Z,2021-10-19T17:13:11.904Z
242485,2022-03-25T15:54:17.016Z,2022-03-25T00:00:00Z,2022-03-25T09:12:47.962Z
242182,2022-03-17T21:13:57.291Z,2022-03-27T00:00:00Z,2022-03-17T19:20:12.707Z
246889,2022-08-02T20:46:58.495Z,2022-08-16T00:00:00Z,2022-08-02T17:30:03.664Z
242483,2022-03-25T15:53:48.056Z,2022-03-25T00:00:00Z,2022-03-25T09:12:06.617Z
242482,2022-03-25T15:53:26.699Z,2022-03-25T00:00:00Z,2022-03-25T09:11:11.86Z
238735,2021-09-09T22:51:58.205Z,2021-09-12T00:00:00Z,2021-09-09T18:36:01.754Z
239235,2021-11-04T16:36:35.806Z,2021-11-04T00:00:00Z,2021-11-04T12:08:29.354Z
239846,2021-12-06T16:57:51.982Z,2021-12-06T00:00:00Z,2021-12-06T15:00:48.018Z
239508,2021-11-19T19:42:24.11Z,2021-11-19T00:00:00Z,2021-11-19T15:10:00.478Z
242819,2022-04-04T16:54:03.081Z,2022-04-04T00:00:00Z,2022-04-04T16:25:15.48Z
241278,2022-02-07T17:45:21.9Z,2022-02-13T00:00:00Z,2022-02-02T19:19:21.864Z
240298,2022-01-05T22:56:19.1Z,2022-01-12T00:00:00Z,2022-01-03T19:56:06.188Z
240249,2021-12-31T17:47:15.383Z,2022-01-10T00:00:00Z,2021-12-30T17:21:53.835Z
247041,2022-08-23T17:33:23.313Z,2022-08-31T00:00:00Z,2022-08-22T15:00:19.317Z
226959,2021-07-29T17:43:29.102Z,2021-10-05T00:00:00Z,2021-07-29T17:25:01.268Z
244177,2022-05-04T14:10:26.437Z,2022-05-04T00:00:00Z,2022-05-04T08:16:21.408Z
239570,2021-11-23T17:56:20.085Z,2021-11-23T00:00:00Z,2021-11-23T15:21:21.199Z
239673,2021-11-29T17:31:57.167Z,2021-11-29T00:00:00Z,2021-11-29T10:36:53.905Z
238998,2021-10-14T16:47:51.61Z,2021-10-14T00:00:00Z,2021-10-13T23:06:02.066Z
245254,2022-05-25T16:13:16.562Z,2022-06-03T00:00:00Z,2022-05-23T15:23:56.44Z
243185,2022-04-12T17:08:30.601Z,2022-04-18T00:00:00Z,2022-04-12T16:58:21.561Z
246788,2022-07-22T17:57:40.591Z,2022-07-24T00:00:00Z,2022-07-22T11:53:03.295Z
246789,2022-07-22T17:58:02.754Z,2022-07-24T00:00:00Z,2022-07-22T11:56:19.429Z
238668,2021-08-26T21:56:23.888Z,2021-09-15T00:00:00Z,2021-08-26T20:42:01.076Z
239168,2021-10-31T09:17:06.449Z,2021-10-31T00:00:00Z,2021-10-31T08:03:14.915Z
234180,2021-08-12T18:36:00.198Z,2021-12-31T00:00:00Z,2021-08-12T17:00:01.358Z
242176,2022-03-17T18:49:28.806Z,2022-03-25T00:00:00Z,2022-03-17T17:55:04.521Z
240144,2021-12-23T16:58:02.379Z,2021-12-28T00:00:00Z,2021-12-22T22:41:01.434Z
239131,2021-10-29T19:02:56.837Z,2021-10-29T00:00:00Z,2021-10-29T11:58:43.166Z
239325,2021-11-10T07:08:47.352Z,2021-11-16T00:00:00Z,2021-11-09T20:53:11.822Z
238965,2021-10-07T17:58:22.75Z,2021-10-14T00:00:00Z,2021-10-07T17:21:43.506Z
239784,2021-12-02T19:22:35.512Z,2021-12-02T00:00:00Z,2021-12-02T14:01:14.386Z
239384,2021-11-12T20:19:53.369Z,2021-11-12T00:00:00Z,2021-11-12T11:42:04.175Z
246660,2022-07-06T15:15:53.425Z,2022-07-07T00:00:00Z,2022-07-06T11:01:39.82Z
241267,2022-02-02T20:16:02.202Z,2022-03-31T00:00:00Z,2022-02-02T18:30:30.602Z
240520,2022-01-12T21:31:55.375Z,2023-01-01T00:00:00Z,2022-01-11T18:15:09.202Z
247075,2022-08-23T17:40:46.045Z,2022-08-29T00:00:00Z,2022-08-22T17:46:57.184Z
242484,2022-03-25T15:54:03.873Z,2022-03-25T00:00:00Z,2022-03-25T09:12:10.239Z
242117,2022-03-15T21:42:33.197Z,2022-04-04T00:00:00Z,2022-03-15T21:28:03.116Z
240148,2021-12-23T17:59:41.874Z,2021-12-23T00:00:00Z,2021-12-23T10:30:12.617Z
243968,2022-05-01T14:04:09.599Z,2022-05-01T00:00:00Z,2022-05-01T06:11:33.764Z
243971,2022-05-01T14:06:28.387Z,2022-05-01T00:00:00Z,2022-05-01T06:18:22.209Z
238950,2021-10-05T23:32:47.27Z,2021-11-15T00:00:00Z,2021-10-05T19:48:26.334Z
239378,2021-11-12T20:18:07.059Z,2021-11-12T00:00:00Z,2021-11-12T11:11:58.698Z
244658,2022-05-12T14:59:02.144Z,2022-05-12T00:00:00Z,2022-05-12T08:23:05.923Z
246605,2022-06-29T00:05:00.369Z,2022-07-03T00:00:00Z,2022-06-28T22:59:55.403Z
244657,2022-05-12T14:57:18.237Z,2022-05-12T00:00:00Z,2022-05-12T08:20:49.678Z
246596,2022-06-25T00:47:40.403Z,2022-06-30T00:00:00Z,2022-06-25T00:44:33.617Z
239865,2021-12-06T19:17:45.785Z,2022-01-01T00:00:00Z,2021-12-06T18:26:17.248Z
246921,2022-08-05T16:29:06.967Z,2022-08-12T00:00:00Z,2022-08-05T16:04:33.503Z
240047,2021-12-15T21:39:07.813Z,2021-12-15T00:00:00Z,2021-12-15T09:59:25.274Z
243600,2022-04-23T16:34:18.41Z,2022-04-23T00:00:00Z,2022-04-23T07:51:28.972Z
239800,2021-12-03T20:04:51.396Z,2021-12-03T00:00:00Z,2021-12-03T18:41:27.719Z
246486,2022-06-06T15:33:42.861Z,2022-06-20T00:00:00Z,2022-06-06T14:16:14.989Z
239995,2021-12-12T18:06:35.712Z,2021-12-12T00:00:00Z,2021-12-12T13:31:49.648Z
243595,2022-04-23T16:34:04.364Z,2022-04-23T00:00:00Z,2022-04-23T07:40:08.256Z
239936,2021-12-09T18:29:21.138Z,2021-12-09T00:00:00Z,2021-12-09T11:08:13.956Z
243598,2022-04-23T16:34:11.932Z,2022-04-23T00:00:00Z,2022-04-23T07:46:52.736Z
242975,2022-04-06T16:26:17.765Z,2022-04-06T00:00:00Z,2022-04-06T15:46:06.371Z
247074,2022-08-23T17:39:27.172Z,2022-08-29T00:00:00Z,2022-08-22T17:39:39.822Z
245033,2022-05-20T16:19:38.94Z,2022-05-27T00:00:00Z,2022-05-19T15:55:11.913Z
242972,2022-04-06T16:25:19.171Z,2022-04-06T00:00:00Z,2022-04-06T15:24:21.192Z
239653,2021-11-28T16:51:57.38Z,2021-11-28T00:00:00Z,2021-11-28T16:34:48.431Z
245557,2022-05-27T20:26:25.222Z,2022-05-28T00:00:00Z,2022-05-27T13:37:27.163Z
246513,2022-06-09T20:41:47.671Z,2022-06-16T00:00:00Z,2022-06-09T20:11:02.119Z
246515,2022-06-09T20:41:55.64Z,2022-06-16T00:00:00Z,2022-06-09T20:15:51.401Z
239129,2021-10-29T19:01:48.228Z,2021-10-29T00:00:00Z,2021-10-29T11:55:15.135Z
246514,2022-06-09T20:41:21.336Z,2022-06-16T00:00:00Z,2022-06-09T20:13:43.589Z
239603,2021-11-24T21:37:39.455Z,2021-12-02T00:00:00Z,2021-11-24T21:20:02.819Z
246516,2022-06-09T20:42:19.822Z,2022-06-16T00:00:00Z,2022-06-09T20:19:04.485Z
242973,2022-04-06T16:25:30.184Z,2022-04-06T00:00:00Z,2022-04-06T15:30:12.284Z
240304,2022-01-05T23:29:28.241Z,2022-01-05T00:00:00Z,2022-01-05T23:05:47.477Z
246623,2022-06-29T23:55:28.885Z,2022-09-20T00:00:00Z,2022-06-29T23:08:31.492Z
246922,2022-08-05T16:30:17.941Z,2022-08-15T00:00:00Z,2022-08-05T16:20:37.547Z
243860,2022-04-27T21:07:17.421Z,2022-05-10T00:00:00Z,2022-04-27T19:43:45.486Z
239052,2021-10-21T03:49:23.91Z,2021-10-21T00:00:00Z,2021-10-20T19:38:26.682Z
239109,2021-10-27T22:22:24.378Z,2021-11-12T00:00:00Z,2021-10-27T20:59:36.062Z
242462,2022-03-25T15:55:01.47Z,2022-03-25T00:00:00Z,2022-03-25T09:01:53.774Z
239440,2021-11-15T18:28:09.507Z,2021-11-15T00:00:00Z,2021-11-15T11:08:00.775Z
242463,2022-03-25T15:55:09.78Z,2022-03-25T00:00:00Z,2022-03-25T09:02:06.627Z
238999,2021-10-14T16:49:18.129Z,2021-10-17T00:00:00Z,2021-10-13T23:11:22.229Z
239956,2021-12-10T18:23:30.577Z,2021-12-10T00:00:00Z,2021-12-10T17:04:25.5Z
226374,2021-07-27T20:47:16.552Z,2021-09-01T00:00:00Z,2021-07-27T18:00:01.55Z
245116,2022-05-21T15:46:32.38Z,2022-05-21T00:00:00Z,2022-05-21T08:00:21.311Z
247044,2022-08-23T17:34:56.958Z,2022-08-31T00:00:00Z,2022-08-22T15:35:06.807Z
240094,2021-12-20T17:30:06.027Z,2022-01-08T00:00:00Z,2021-12-18T10:09:44.038Z
240460,2022-01-12T20:47:29.627Z,2022-03-08T00:00:00Z,2022-01-11T16:28:42.77Z
243183,2022-04-12T17:07:40.844Z,2022-04-20T00:00:00Z,2022-04-12T16:51:10.434Z
240462,2022-01-12T20:48:45.486Z,2022-03-08T00:00:00Z,2022-01-11T16:30:47.122Z
243544,2022-04-21T18:43:51.334Z,2022-05-13T00:00:00Z,2022-04-21T18:21:52.294Z
240465,2022-01-12T20:50:02.761Z,2022-03-08T00:00:00Z,2022-01-11T16:32:05.364Z
238709,2021-09-07T16:03:29.589Z,2021-09-08T00:00:00Z,2021-09-07T14:54:06.786Z
239690,2021-11-30T18:23:06.493Z,2021-11-30T00:00:00Z,2021-11-30T10:46:09.831Z
240466,2022-01-12T20:50:47.948Z,2022-03-08T00:00:00Z,2022-01-11T16:32:52.035Z
241864,2022-03-03T20:24:15.068Z,2022-03-03T00:00:00Z,2022-03-03T17:11:35.581Z
238017,2021-08-20T01:49:30.728Z,2021-12-16T00:00:00Z,2021-08-18T22:48:01.119Z
241866,2022-03-03T20:24:28.993Z,2022-03-03T00:00:00Z,2022-03-03T17:13:46.291Z
241867,2022-03-03T20:24:44.734Z,2022-03-03T00:00:00Z,2022-03-03T17:14:47.603Z
241868,2022-03-03T20:25:02.957Z,2022-03-03T00:00:00Z,2022-03-03T17:17:39.169Z
240461,2022-01-12T20:48:05.871Z,2022-03-08T00:00:00Z,2022-01-11T16:29:39.023Z
240463,2022-01-12T20:49:31.396Z,2022-03-08T00:00:00Z,2022-01-11T16:31:23.009Z
240467,2022-01-12T20:52:15.954Z,2022-03-08T00:00:00Z,2022-01-11T16:33:39.285Z
243829,2022-04-26T21:49:01.733Z,2022-05-29T00:00:00Z,2022-04-26T21:08:00.176Z
247084,2022-08-23T17:42:17.87Z,2023-01-01T00:00:00Z,2022-08-22T19:05:03.964Z
239333,2021-11-10T17:39:41.692Z,2021-11-10T00:00:00Z,2021-11-10T09:50:37.785Z
239830,2021-12-04T19:38:48.098Z,2021-12-04T00:00:00Z,2021-12-04T10:38:05.849Z
242685,2022-03-31T23:16:22.581Z,2022-04-03T00:00:00Z,2022-03-31T21:05:19.886Z
239645,2021-11-28T16:49:43.157Z,2021-11-28T00:00:00Z,2021-11-28T16:08:14.562Z
239700,2021-11-30T19:26:10.722Z,2021-12-19T00:00:00Z,2021-11-30T14:10:35.392Z
239181,2021-10-31T09:21:25.233Z,2021-10-31T00:00:00Z,2021-10-31T08:33:28.73Z
243478,2022-04-19T15:15:16.325Z,2022-04-26T00:00:00Z,2022-04-19T11:19:52.504Z
239417,2021-11-13T19:51:02.786Z,2021-11-13T00:00:00Z,2021-11-13T12:54:55.897Z
240392,2022-01-12T20:59:00.031Z,2022-01-26T00:00:00Z,2022-01-11T12:35:41.14Z
240230,2021-12-28T20:29:23.549Z,2021-12-28T00:00:00Z,2021-12-28T18:31:29.91Z
238740,2021-09-13T20:13:08.542Z,2021-09-14T00:00:00Z,2021-09-13T17:16:01.539Z
246923,2022-08-06T00:10:47.144Z,2022-08-15T00:00:00Z,2022-08-05T16:40:05.445Z
240394,2022-01-12T20:59:10.953Z,2022-01-26T00:00:00Z,2022-01-11T12:42:17.711Z
240393,2022-01-12T20:59:07.505Z,2022-01-26T00:00:00Z,2022-01-11T12:40:25.421Z
240395,2022-01-12T20:59:15.91Z,2022-01-26T00:00:00Z,2022-01-11T12:45:17.696Z
240006,2021-12-12T19:53:30.214Z,2021-12-12T00:00:00Z,2021-12-12T13:49:38.698Z
226967,2021-07-29T18:59:11.506Z,2021-08-11T00:00:00Z,2021-07-29T18:05:01.546Z
241138,2022-01-28T16:59:13.675Z,2022-01-28T00:00:00Z,2022-01-28T12:10:16.655Z
241134,2022-01-28T16:58:46.853Z,2022-01-28T00:00:00Z,2022-01-28T11:59:56.265Z
240176,2021-12-25T07:24:04.42Z,2021-12-25T00:00:00Z,2021-12-23T20:24:28.506Z
244656,2022-05-12T15:01:44.81Z,2022-05-12T00:00:00Z,2022-05-12T08:18:33.534Z
241135,2022-01-28T16:58:54.748Z,2022-01-28T00:00:00Z,2022-01-28T12:03:48.376Z
239819,2021-12-04T19:49:14.299Z,2021-12-05T00:00:00Z,2021-12-03T20:21:39.973Z
239967,2021-12-15T00:15:20.597Z,2021-12-19T00:00:00Z,2021-12-10T18:37:09.882Z
239212,2021-11-03T16:21:02.227Z,2021-11-10T00:00:00Z,2021-11-03T11:59:10.197Z
239697,2021-12-13T19:21:38.433Z,2021-12-15T00:00:00Z,2021-11-30T13:36:37.698Z
238964,2021-10-07T17:57:52.715Z,2021-10-14T00:00:00Z,2021-10-07T17:19:58.529Z
244674,2022-05-12T15:04:11.331Z,2022-05-12T00:00:00Z,2022-05-12T10:13:55.852Z
239640,2021-11-28T16:47:56.069Z,2021-11-28T00:00:00Z,2021-11-28T16:01:38.24Z
239838,2021-12-05T20:35:00.012Z,2021-12-05T00:00:00Z,2021-12-05T17:08:05.006Z
239127,2021-10-29T18:04:41.471Z,2021-11-03T00:00:00Z,2021-10-28T23:06:38.777Z
240889,2022-01-20T20:15:08.399Z,2022-01-20T00:00:00Z,2022-01-20T16:18:08.614Z
239371,2021-11-11T20:07:31.415Z,2021-11-11T00:00:00Z,2021-11-11T18:33:25.442Z
242355,2022-03-21T19:51:56.441Z,2022-04-27T00:00:00Z,2022-03-21T19:14:06.565Z
246538,2022-06-13T17:40:13.327Z,2022-06-30T00:00:00Z,2022-06-13T16:01:01.525Z
240084,2021-12-17T22:42:04.625Z,2021-12-17T00:00:00Z,2021-12-17T16:10:16.283Z
244589,2022-05-09T20:22:05.757Z,2022-07-31T00:00:00Z,2022-05-09T19:55:55.788Z
239787,2021-12-02T21:19:15.123Z,2021-12-02T00:00:00Z,2021-12-02T18:24:08.916Z
238650,2021-08-26T22:00:26.517Z,2021-12-31T00:00:00Z,2021-08-24T22:58:01.355Z
238733,2021-09-09T22:51:36.534Z,2021-09-12T00:00:00Z,2021-09-09T18:34:01.443Z
240036,2021-12-15T22:44:46.329Z,2021-12-30T00:00:00Z,2021-12-14T22:50:53.36Z
239698,2021-12-01T17:50:12.229Z,2021-12-24T00:00:00Z,2021-11-30T13:49:11.009Z
242645,2022-03-30T17:22:31.504Z,2022-03-30T00:00:00Z,2022-03-30T12:17:59.506Z
246767,2022-07-19T20:09:43.486Z,2022-07-25T00:00:00Z,2022-07-19T18:49:23.518Z
243989,2022-05-01T14:08:40.975Z,2022-05-16T00:00:00Z,2022-05-01T10:07:34.709Z
241141,2022-01-28T20:32:30.248Z,2022-01-28T00:00:00Z,2022-01-28T12:24:01.479Z
241143,2022-01-28T20:32:54.715Z,2022-01-28T00:00:00Z,2022-01-28T12:36:05.942Z
238916,2021-10-04T21:34:25.622Z,2021-10-09T00:00:00Z,2021-09-30T19:27:06.113Z
247085,2022-08-23T17:44:35.022Z,2023-01-01T00:00:00Z,2022-08-23T14:34:35.842Z
240887,2022-01-20T20:14:47.325Z,2022-01-20T00:00:00Z,2022-01-20T16:10:47.803Z
246924,2022-08-06T00:31:08.358Z,2022-08-11T00:00:00Z,2022-08-05T16:55:30.265Z
229998,2021-08-08T18:37:06.971Z,2021-08-27T00:00:00Z,2021-08-07T20:10:01.118Z
238948,2021-10-05T18:13:54.455Z,2021-10-05T00:00:00Z,2021-10-05T17:19:08.182Z
239514,2021-11-20T19:50:27.899Z,2021-11-20T00:00:00Z,2021-11-20T15:06:53.939Z
239072,2021-10-23T21:40:54.304Z,2021-10-23T00:00:00Z,2021-10-23T18:39:37.889Z
245123,2022-05-21T15:47:14.555Z,2022-05-21T00:00:00Z,2022-05-21T08:17:13.803Z
238717,2021-09-09T17:49:34.335Z,2021-09-09T00:00:00Z,2021-09-09T17:28:01.703Z
240194,2021-12-27T19:09:10.513Z,2021-12-27T00:00:00Z,2021-12-27T10:54:49.027Z
241144,2022-01-28T20:33:01.678Z,2022-01-28T00:00:00Z,2022-01-28T12:37:25.99Z
239666,2021-11-29T17:27:51.151Z,2021-11-29T00:00:00Z,2021-11-29T10:22:12.983Z
240178,2021-12-25T07:25:26.279Z,2021-12-25T00:00:00Z,2021-12-23T20:38:13.131Z
247086,2022-08-23T18:49:06.954Z,2022-08-31T00:00:00Z,2022-08-23T18:30:03.078Z
239817,2021-12-04T19:47:49.023Z,2021-12-05T00:00:00Z,2021-12-03T20:13:12.414Z
239564,2021-11-22T19:36:24.628Z,2021-11-22T00:00:00Z,2021-11-22T17:23:02.195Z
243818,2022-04-26T20:05:06.099Z,2022-05-06T00:00:00Z,2022-04-26T19:52:39.777Z
246580,2022-06-22T20:00:16.701Z,2022-06-23T00:00:00Z,2022-06-22T18:16:15.463Z
238926,2021-10-01T21:43:28.23Z,2021-10-15T00:00:00Z,2021-10-01T18:52:41.045Z
246600,2022-06-28T16:45:05.052Z,2022-06-29T00:00:00Z,2022-06-28T10:17:49.276Z
239993,2021-12-12T18:04:02.063Z,2021-12-12T00:00:00Z,2021-12-12T13:29:41.562Z
245408,2022-05-25T15:46:08.172Z,2022-05-25T00:00:00Z,2022-05-25T08:14:07.055Z
246928,2022-08-06T01:42:40.691Z,2022-08-23T00:00:00Z,2022-08-06T00:42:03.033Z
238822,2021-09-21T22:07:27.529Z,2021-10-01T00:00:00Z,2021-09-21T19:58:21.809Z
246929,2022-08-06T01:43:33.122Z,2022-08-23T00:00:00Z,2022-08-06T00:44:40.094Z
246930,2022-08-06T01:44:30.426Z,2022-08-23T00:00:00Z,2022-08-06T00:47:15.585Z
241666,2022-02-24T14:45:31.044Z,2022-02-26T00:00:00Z,2022-02-23T22:23:56.709Z
246677,2022-07-11T14:18:25.071Z,2022-07-18T00:00:00Z,2022-07-11T12:53:47.619Z
241285,2022-02-04T14:50:32.102Z,2022-02-20T00:00:00Z,2022-02-02T23:13:30.719Z
247135,2022-08-24T18:04:39.041Z,2022-09-05T00:00:00Z,2022-08-24T14:32:11.81Z
246846,2022-07-27T00:38:06.294Z,2022-07-28T00:00:00Z,2022-07-26T23:39:02.268Z
239618,2021-11-26T19:21:28.43Z,2021-11-26T00:00:00Z,2021-11-26T09:33:18.014Z
244673,2022-05-12T15:03:18.461Z,2022-05-12T00:00:00Z,2022-05-12T10:10:23.419Z
241136,2022-01-28T16:59:01.334Z,2022-01-28T00:00:00Z,2022-01-28T12:05:40.483Z
241140,2022-01-28T20:32:20.261Z,2022-01-28T00:00:00Z,2022-01-28T12:21:17.265Z
244655,2022-05-12T15:01:37.239Z,2022-05-12T00:00:00Z,2022-05-12T08:17:29.563Z
239465,2021-11-16T18:58:38.693Z,2021-11-29T00:00:00Z,2021-11-16T15:40:46.185Z
239246,2021-11-05T17:55:43.504Z,2021-11-13T00:00:00Z,2021-11-04T18:15:25.743Z
241907,2022-03-04T19:08:43.099Z,2022-07-31T00:00:00Z,2022-03-04T18:58:33.538Z
241573,2022-02-17T18:12:04.611Z,2022-03-08T00:00:00Z,2022-02-16T20:43:10.165Z
239147,2021-10-31T09:10:48.041Z,2021-11-06T00:00:00Z,2021-10-30T12:42:42.339Z
239141,2021-10-30T19:37:14.137Z,2021-10-30T00:00:00Z,2021-10-30T12:23:06.933Z
239945,2021-12-10T18:04:50.491Z,2021-12-10T00:00:00Z,2021-12-10T16:40:40.209Z
240212,2021-12-28T03:58:07.001Z,2022-01-12T00:00:00Z,2021-12-27T23:50:05.225Z
238988,2021-10-14T16:34:34.904Z,2021-10-19T00:00:00Z,2021-10-13T22:24:38.725Z
238990,2021-10-14T16:56:55.32Z,2021-11-30T00:00:00Z,2021-10-13T22:32:33.24Z
239356,2021-11-10T22:28:46.483Z,2021-11-11T00:00:00Z,2021-11-10T20:32:09.554Z
244268,2022-05-05T16:00:22.118Z,2022-05-05T00:00:00Z,2022-05-05T08:00:27.007Z
242359,2022-03-22T16:37:46.02Z,2022-12-31T00:00:00Z,2022-03-21T21:10:33.273Z
239059,2021-10-24T17:52:29.694Z,2021-10-24T00:00:00Z,2021-10-20T19:50:49.362Z
234935,2021-08-13T16:42:55.195Z,2021-09-17T00:00:00Z,2021-08-13T16:20:02.079Z
244269,2022-05-05T16:01:26.446Z,2022-05-05T00:00:00Z,2022-05-05T08:02:42.812Z
244275,2022-05-05T16:01:35.659Z,2022-05-05T00:00:00Z,2022-05-05T14:40:34.524Z
234183,2021-08-12T18:35:51.615Z,2021-12-31T00:00:00Z,2021-08-12T17:00:01.357Z
247101,2022-08-23T19:19:32.308Z,2022-09-09T00:00:00Z,2022-08-23T19:04:23.565Z
242680,2022-03-31T22:00:24.402Z,2022-04-10T00:00:00Z,2022-03-31T20:42:22.891Z
240135,2021-12-22T19:08:14.905Z,2021-12-22T00:00:00Z,2021-12-22T08:00:40.691Z
241355,2022-02-07T21:31:43.317Z,2022-02-07T00:00:00Z,2022-02-07T10:29:05.474Z
240165,2021-12-26T08:50:45.778Z,2021-12-26T00:00:00Z,2021-12-23T19:28:45.491Z
239219,2021-11-03T16:32:10.113Z,2021-11-03T00:00:00Z,2021-11-03T15:10:19.276Z
246653,2022-07-04T15:50:56.153Z,2022-07-11T00:00:00Z,2022-07-04T15:42:16.9Z
239949,2021-12-10T18:13:00.646Z,2021-12-10T00:00:00Z,2021-12-10T16:46:56.21Z
243025,2022-04-09T00:32:48.53Z,2022-04-13T00:00:00Z,2022-04-07T13:15:35.244Z
238820,2021-09-21T22:08:10.553Z,2021-10-01T00:00:00Z,2021-09-21T19:53:38.056Z
241811,2022-03-02T15:25:56.237Z,2022-03-09T00:00:00Z,2022-03-02T00:13:32.958Z
245258,2022-05-24T14:58:25.597Z,2022-05-24T00:00:00Z,2022-05-24T08:00:26.433Z
238748,2021-09-14T17:25:33.283Z,2021-09-25T00:00:00Z,2021-09-13T18:04:01.475Z
242690,2022-03-31T23:17:43.186Z,2022-05-01T00:00:00Z,2022-03-31T22:09:35.178Z
239921,2021-12-08T20:57:26.654Z,2021-12-08T00:00:00Z,2021-12-08T10:10:53.452Z
240138,2021-12-22T19:10:23.083Z,2021-12-22T00:00:00Z,2021-12-22T08:04:28.915Z
239060,2021-10-24T04:22:26.734Z,2021-10-25T00:00:00Z,2021-10-20T19:52:02.011Z
241600,2022-02-17T22:57:29.014Z,2022-02-18T00:00:00Z,2022-02-17T22:54:01.415Z
239043,2021-10-21T03:45:04.574Z,2021-10-21T00:00:00Z,2021-10-20T17:36:27.832Z
240287,2022-01-03T20:25:07.429Z,2022-01-03T00:00:00Z,2022-01-03T14:14:39.695Z
246068,2022-06-01T14:44:37.052Z,2022-06-01T00:00:00Z,2022-06-01T13:12:37.478Z
239002,2021-10-14T16:49:52.214Z,2021-10-23T00:00:00Z,2021-10-13T23:21:15.635Z
240025,2021-12-14T17:57:08.869Z,2021-12-14T00:00:00Z,2021-12-14T16:16:35.107Z
241005,2022-01-25T21:45:51.662Z,2022-02-08T00:00:00Z,2022-01-24T23:28:43.89Z
238992,2021-10-14T16:41:49.913Z,2021-11-04T00:00:00Z,2021-10-13T22:33:47.311Z
244303,2022-05-06T15:07:02.01Z,2022-05-14T00:00:00Z,2022-05-06T14:44:22.741Z
243105,2022-04-11T22:18:44.706Z,2022-06-01T00:00:00Z,2022-04-11T21:55:47.158Z
239449,2021-11-15T23:53:32.763Z,2021-11-18T00:00:00Z,2021-11-15T22:43:12.386Z
247136,2022-08-24T16:50:32.663Z,2022-12-31T00:00:00Z,2022-08-24T16:36:57.812Z
240583,2022-01-12T21:13:42.084Z,2022-04-25T00:00:00Z,2022-01-11T22:49:08.378Z
240586,2022-01-12T21:13:58.398Z,2022-04-25T00:00:00Z,2022-01-11T22:57:22.844Z
244363,2022-05-06T19:17:57.368Z,2022-05-10T00:00:00Z,2022-05-06T16:15:09.816Z
239624,2021-11-26T19:25:51.327Z,2021-12-06T00:00:00Z,2021-11-26T15:20:34.971Z
240585,2022-01-12T21:13:52.401Z,2022-04-25T00:00:00Z,2022-01-11T22:53:30.588Z
239193,2021-11-01T18:00:36.587Z,2021-11-01T00:00:00Z,2021-11-01T10:58:07.102Z
239476,2021-11-17T19:19:00.806Z,2021-11-17T00:00:00Z,2021-11-17T13:29:56.7Z
240432,2022-01-12T20:53:21.454Z,2022-02-01T00:00:00Z,2022-01-11T15:39:55.811Z
238935,2021-10-03T17:31:24.541Z,2021-10-03T00:00:00Z,2021-10-03T17:23:45.237Z
240584,2022-01-12T21:13:47.44Z,2022-04-25T00:00:00Z,2022-01-11T22:50:46.433Z
240501,2022-01-12T21:31:38.818Z,2022-11-08T00:00:00Z,2022-01-11T17:25:54.332Z
246350,2022-06-06T14:02:55.897Z,2022-06-12T00:00:00Z,2022-06-03T21:05:46.376Z
242596,2022-03-29T19:36:11.907Z,2022-04-02T00:00:00Z,2022-03-29T01:33:45.9Z
246506,2022-06-09T14:30:20.537Z,2022-06-13T00:00:00Z,2022-06-09T11:36:57.305Z
238688,2021-08-31T02:04:11.288Z,2021-09-03T00:00:00Z,2021-08-30T21:24:01.554Z
242399,2022-03-23T17:49:13.164Z,2022-04-04T00:00:00Z,2022-03-22T21:41:10.973Z
240265,2022-01-03T15:16:47.849Z,2022-01-15T00:00:00Z,2022-01-01T14:26:03.702Z
243676,2022-04-25T22:19:41.836Z,2022-09-01T00:00:00Z,2022-04-25T20:13:30.059Z
246197,2022-06-03T15:18:49.04Z,2022-06-03T00:00:00Z,2022-06-03T08:00:24.245Z
244943,2022-05-17T19:52:55.899Z,2022-05-23T00:00:00Z,2022-05-17T19:31:14.956Z
239561,2021-11-22T19:35:22.123Z,2021-11-22T00:00:00Z,2021-11-22T16:47:24.675Z
240508,2022-01-12T21:06:57.949Z,2022-02-01T00:00:00Z,2022-01-11T17:58:04.202Z
246682,2022-07-11T16:07:13.567Z,2022-07-18T00:00:00Z,2022-07-11T15:41:47.396Z
238701,2021-09-03T05:34:32.794Z,2021-09-06T00:00:00Z,2021-09-03T05:32:01.537Z
238925,2021-10-01T21:40:53.158Z,2021-10-10T00:00:00Z,2021-10-01T18:14:16.632Z
244597,2022-05-09T20:47:56.583Z,2022-05-10T00:00:00Z,2022-05-09T20:32:59.863Z
243862,2022-04-29T19:11:11.753Z,2022-09-01T00:00:00Z,2022-04-27T23:34:27.626Z
239500,2021-11-18T17:26:23.324Z,2021-11-18T00:00:00Z,2021-11-18T11:21:40.973Z
239103,2021-10-27T18:20:58.293Z,2021-10-27T00:00:00Z,2021-10-26T22:52:38.457Z
240645,2022-01-12T21:08:56.435Z,2022-12-31T00:00:00Z,2022-01-12T17:36:35.995Z
238963,2021-10-07T17:57:15.171Z,2021-10-13T00:00:00Z,2021-10-07T17:19:12.138Z
239259,2021-11-05T19:55:37.818Z,2021-11-05T00:00:00Z,2021-11-05T13:05:15.786Z
239438,2021-11-15T18:27:19.194Z,2021-11-15T00:00:00Z,2021-11-15T11:04:44.565Z
239569,2021-11-22T22:23:31.745Z,2021-11-23T00:00:00Z,2021-11-22T21:45:32.728Z
241117,2022-01-28T00:35:52.795Z,2022-02-11T00:00:00Z,2022-01-27T14:08:42.822Z
239988,2021-12-13T19:35:35.662Z,2022-01-10T00:00:00Z,2021-12-11T12:11:29.955Z
239617,2021-11-26T19:21:16.951Z,2021-11-26T00:00:00Z,2021-11-26T09:31:45.908Z
239887,2021-12-09T18:47:37.614Z,2021-12-09T00:00:00Z,2021-12-07T11:41:10.97Z
241219,2022-01-31T18:41:32.644Z,2022-02-09T00:00:00Z,2022-01-31T16:59:19.628Z
238985,2021-10-14T16:32:21.562Z,2021-10-31T00:00:00Z,2021-10-13T21:54:58.399Z
246574,2022-06-20T21:47:03.831Z,2022-06-30T00:00:00Z,2022-06-20T21:41:02.312Z
240510,2022-01-12T21:08:03.913Z,2022-06-01T00:00:00Z,2022-01-11T17:59:44.27Z
240197,2021-12-28T22:07:40.621Z,2022-01-13T00:00:00Z,2021-12-27T21:38:53.21Z
240198,2021-12-28T22:08:26.457Z,2022-01-13T00:00:00Z,2021-12-27T21:40:42.123Z
240199,2021-12-28T22:08:51.46Z,2022-01-13T00:00:00Z,2021-12-27T21:46:55.283Z
239132,2021-10-29T19:05:59.235Z,2021-10-29T00:00:00Z,2021-10-29T12:12:56.013Z
242915,2022-04-06T00:00:09.274Z,2023-01-01T00:00:00Z,2022-04-05T23:14:02.723Z
239520,2021-11-20T20:11:43.323Z,2021-11-20T00:00:00Z,2021-11-20T15:23:30.662Z
239850,2021-12-06T17:44:35.266Z,2021-12-06T00:00:00Z,2021-12-06T15:23:05.169Z
239579,2021-11-24T19:04:13.141Z,2021-11-30T00:00:00Z,2021-11-24T00:52:23.504Z
241513,2022-02-17T18:13:58.963Z,2022-02-25T00:00:00Z,2022-02-16T02:58:49.996Z
239557,2021-11-22T19:24:48.61Z,2021-12-02T00:00:00Z,2021-11-22T15:40:58.063Z
239782,2021-12-02T19:21:20.417Z,2021-12-02T00:00:00Z,2021-12-02T13:58:42.185Z
241251,2022-02-02T17:36:31.326Z,2022-02-02T00:00:00Z,2022-02-02T12:17:43.594Z
239182,2021-10-31T09:22:52.212Z,2021-11-07T00:00:00Z,2021-10-31T08:35:16.625Z
238756,2021-09-15T00:31:56.177Z,2021-09-16T00:00:00Z,2021-09-14T18:40:01.602Z
239480,2021-11-17T19:24:19.384Z,2021-11-21T00:00:00Z,2021-11-17T14:11:14.828Z
239159,2021-10-30T19:15:22.306Z,2021-10-30T00:00:00Z,2021-10-30T13:43:17.34Z
239632,2021-11-27T19:12:48.937Z,2021-11-27T00:00:00Z,2021-11-27T18:59:23.149Z
240048,2021-12-15T21:39:28.853Z,2021-12-15T00:00:00Z,2021-12-15T10:01:33.389Z
241605,2022-02-19T02:29:17.98Z,2022-07-01T00:00:00Z,2022-02-19T00:25:51.95Z
240143,2021-12-23T16:57:17.59Z,2021-12-30T00:00:00Z,2021-12-22T22:38:29.383Z
239922,2021-12-08T21:19:35.197Z,2021-12-08T00:00:00Z,2021-12-08T10:12:13.446Z
241997,2022-03-09T21:42:15.393Z,2022-04-10T00:00:00Z,2022-03-09T21:27:48.801Z
246573,2022-06-20T17:16:56.938Z,2022-06-20T00:00:00Z,2022-06-20T16:51:00.525Z
239809,2021-12-04T19:40:48.344Z,2021-12-05T00:00:00Z,2021-12-03T20:01:00.7Z
241252,2022-02-02T17:39:53.442Z,2022-02-02T00:00:00Z,2022-02-02T12:18:47.705Z
238779,2021-09-17T04:51:22.165Z,2021-09-20T00:00:00Z,2021-09-15T19:08:19.587Z
246935,2022-08-12T20:13:48.371Z,2022-08-11T00:00:00Z,2022-08-08T17:16:01.571Z
239857,2021-12-06T17:47:09.244Z,2021-12-06T00:00:00Z,2021-12-06T15:58:03.398Z
241951,2022-03-07T18:08:47.195Z,2022-03-24T00:00:00Z,2022-03-07T17:43:12.912Z
244934,2022-05-17T14:12:00.632Z,2022-05-17T00:00:00Z,2022-05-17T06:16:18.337Z
240133,2021-12-22T19:07:56.34Z,2021-12-22T00:00:00Z,2021-12-22T07:58:00.748Z
239258,2021-11-05T19:55:02.151Z,2021-11-05T00:00:00Z,2021-11-05T12:59:39.262Z
232122,2021-08-10T19:24:16.456Z,2021-09-30T00:00:00Z,2021-08-10T18:42:01.493Z
229340,2021-08-09T17:47:58.104Z,2021-10-30T00:00:00Z,2021-08-06T22:15:01.404Z
239793,2021-12-02T21:13:43.332Z,2022-01-01T00:00:00Z,2021-12-02T20:05:46.318Z
240509,2022-01-12T21:07:32.646Z,2022-03-01T00:00:00Z,2022-01-11T17:58:44.283Z
228764,2021-08-05T01:12:42.945Z,2021-08-05T00:00:00Z,2021-08-05T00:00:01.25Z
240240,2021-12-29T16:47:27.313Z,2021-12-29T00:00:00Z,2021-12-29T13:37:23.856Z
241974,2022-03-08T17:28:49.417Z,2022-03-31T00:00:00Z,2022-03-08T17:25:32.458Z
239511,2021-11-19T19:43:09.14Z,2021-11-19T00:00:00Z,2021-11-19T15:27:01.344Z
239063,2021-10-24T04:23:17.438Z,2021-10-24T00:00:00Z,2021-10-20T19:56:38.756Z
241492,2022-02-15T17:36:41.574Z,2022-02-15T00:00:00Z,2022-02-15T08:08:31.132Z
226377,2021-07-27T20:48:20.22Z,2021-12-01T00:00:00Z,2021-07-27T18:05:02.445Z
241937,2022-03-07T15:24:29.64Z,2022-03-07T00:00:00Z,2022-03-07T09:31:06.178Z
241939,2022-03-07T15:25:43.889Z,2022-03-07T00:00:00Z,2022-03-07T09:35:42.6Z
241938,2022-03-07T15:25:10.09Z,2022-03-07T00:00:00Z,2022-03-07T09:33:50.279Z
241940,2022-03-07T15:27:52.046Z,2022-03-07T00:00:00Z,2022-03-07T09:41:02.921Z
240218,2021-12-28T17:35:34.321Z,2022-01-14T00:00:00Z,2021-12-28T09:33:18.225Z
239074,2021-10-26T21:49:12.36Z,2021-11-11T00:00:00Z,2021-10-24T15:05:52.425Z
239178,2021-10-31T09:20:11.358Z,2021-10-31T00:00:00Z,2021-10-31T08:29:40.639Z
241493,2022-02-15T17:36:47.773Z,2022-02-15T00:00:00Z,2022-02-15T08:10:11.171Z
238778,2021-09-17T04:39:29.812Z,2021-09-19T00:00:00Z,2021-09-15T19:06:21.035Z
227257,2021-07-30T19:41:42.382Z,2021-08-06T00:00:00Z,2021-07-30T18:00:01.206Z
241491,2022-02-15T17:36:33.428Z,2022-02-15T00:00:00Z,2022-02-15T08:07:23.123Z
241489,2022-02-15T17:36:26.229Z,2022-02-15T00:00:00Z,2022-02-15T08:03:15.215Z
244628,2022-05-11T00:45:22.162Z,2022-05-25T00:00:00Z,2022-05-11T00:12:35.957Z
241936,2022-03-07T15:23:36.636Z,2022-03-07T00:00:00Z,2022-03-07T09:29:14.297Z
514553,2024-12-03T20:12:25.291Z,2024-12-03T12:00:00Z,2024-12-03T16:13:24.974389Z
239630,2021-11-27T19:12:19.555Z,2021-11-27T00:00:00Z,2021-11-27T18:48:42.462Z
241943,2022-03-07T15:37:33.5Z,2022-03-07T00:00:00Z,2022-03-07T09:47:15.191Z
245277,2022-05-25T16:41:36.871Z,2022-05-30T00:00:00Z,2022-05-24T14:39:22.219Z
239460,2021-11-16T18:05:57.804Z,2021-11-22T00:00:00Z,2021-11-16T12:41:33.602Z
241941,2022-03-07T15:28:02.281Z,2022-03-07T00:00:00Z,2022-03-07T09:43:43.063Z
239362,2021-11-10T22:29:45.87Z,2021-11-11T00:00:00Z,2021-11-10T21:14:15.562Z
241942,2022-03-07T15:28:19.557Z,2022-03-07T00:00:00Z,2022-03-07T09:45:10.975Z
239598,2021-11-24T19:28:15Z,2021-12-01T00:00:00Z,2021-11-24T18:38:02.89Z
241905,2022-03-04T19:05:55.039Z,2022-03-14T00:00:00Z,2022-03-04T18:42:29.105Z
241011,2022-01-25T18:59:12.52Z,2022-01-31T00:00:00Z,2022-01-25T08:21:18.417Z
239418,2021-11-13T19:51:47.379Z,2021-11-13T00:00:00Z,2021-11-13T12:56:04.087Z
238983,2021-10-12T22:43:17.843Z,2021-10-17T00:00:00Z,2021-10-12T22:24:27.95Z
239101,2021-10-27T18:18:16.133Z,2021-10-27T00:00:00Z,2021-10-26T22:49:14.906Z
238684,2021-08-31T02:02:32.94Z,2021-08-31T00:00:00Z,2021-08-30T21:18:01.317Z
238812,2021-09-27T17:24:57.49Z,2021-09-29T00:00:00Z,2021-09-21T16:22:52.27Z
240303,2022-01-05T23:29:04.571Z,2022-01-05T00:00:00Z,2022-01-05T23:03:11.27Z
239389,2021-11-12T20:22:03.085Z,2021-11-14T00:00:00Z,2021-11-12T12:21:54.459Z
240166,2021-12-26T08:51:37.651Z,2021-12-26T00:00:00Z,2021-12-23T19:33:21.681Z
241229,2022-02-03T15:43:20.084Z,2022-03-02T00:00:00Z,2022-01-31T21:14:15.683Z
241172,2022-01-29T18:11:52.053Z,2022-01-29T00:00:00Z,2022-01-29T10:01:20.706Z
241174,2022-01-29T18:11:58.724Z,2022-01-29T00:00:00Z,2022-01-29T10:02:32.823Z
250502,2023-07-10T17:39:39.788Z,2023-06-30T00:00:00Z,2023-04-25T17:39:39.788Z
244380,2022-05-07T17:57:11.177Z,2022-05-07T00:00:00Z,2022-05-07T17:02:47.705Z
246939,2022-08-12T20:12:57.422Z,2022-08-11T00:00:00Z,2022-08-08T17:41:47.677Z
239880,2021-12-07T18:53:21.984Z,2021-12-07T00:00:00Z,2021-12-07T11:16:53.409Z
249882,2023-07-10T19:02:44.993Z,2023-05-29T00:00:00Z,2023-04-03T19:02:44.993Z
239471,2021-11-17T19:17:17.644Z,2021-11-17T00:00:00Z,2021-11-17T13:11:56.175Z
243486,2022-04-20T14:42:02.605Z,2022-04-20T00:00:00Z,2022-04-20T07:55:17.283Z
243485,2022-04-20T14:41:49.426Z,2022-04-20T00:00:00Z,2022-04-20T07:53:02.004Z
239413,2021-11-13T19:49:25.037Z,2021-11-13T00:00:00Z,2021-11-13T12:37:27.106Z
243487,2022-04-20T14:42:09.179Z,2022-04-20T00:00:00Z,2022-04-20T07:57:43.739Z
239827,2021-12-04T19:35:16.037Z,2021-12-04T00:00:00Z,2021-12-04T10:34:40.325Z
238631,2021-08-20T03:24:44.607Z,2021-08-20T00:00:00Z,2021-08-20T03:22:01.124Z
245419,2022-05-25T18:14:48.482Z,2022-06-03T00:00:00Z,2022-05-25T18:01:22.855Z
241176,2022-01-29T18:12:05.796Z,2022-01-29T00:00:00Z,2022-01-29T10:04:12.851Z
239707,2021-12-01T17:11:25.765Z,2021-12-24T00:00:00Z,2021-11-30T21:05:21.979Z
239142,2021-10-30T19:38:21.865Z,2021-10-30T00:00:00Z,2021-10-30T12:26:01.763Z
240242,2021-12-29T16:48:02.865Z,2021-12-29T00:00:00Z,2021-12-29T13:41:31.839Z
239605,2021-11-25T16:51:01.05Z,2021-11-25T00:00:00Z,2021-11-25T09:45:06.734Z
240152,2021-12-23T18:01:13.559Z,2021-12-23T00:00:00Z,2021-12-23T10:51:29.663Z
239271,2021-11-08T22:57:19.31Z,2021-11-19T00:00:00Z,2021-11-06T17:59:34.88Z
239992,2021-12-12T18:01:40.675Z,2021-12-12T00:00:00Z,2021-12-12T13:27:29.576Z
238661,2021-08-28T17:19:35.248Z,2021-08-28T00:00:00Z,2021-08-26T19:48:01.289Z
243828,2022-04-26T21:28:45.644Z,2022-09-30T00:00:00Z,2022-04-26T21:00:51.122Z
238949,2021-10-06T17:41:01.883Z,2021-10-18T00:00:00Z,2021-10-05T19:40:48.919Z
240064,2021-12-20T17:03:27.699Z,2021-12-20T00:00:00Z,2021-12-16T22:27:14.92Z
243511,2022-04-20T20:38:29.793Z,2022-04-28T00:00:00Z,2022-04-20T17:19:09.357Z
239280,2021-11-07T01:03:41.271Z,2021-11-07T00:00:00Z,2021-11-06T19:37:43.292Z
239854,2021-12-06T17:45:49.188Z,2021-12-06T00:00:00Z,2021-12-06T15:40:46.44Z
239053,2021-10-24T06:40:51.506Z,2021-10-24T00:00:00Z,2021-10-20T19:41:07.168Z
239704,2021-11-30T18:37:50.09Z,2021-12-10T00:00:00Z,2021-11-30T14:59:09.594Z
239084,2021-10-25T09:42:23.153Z,2021-10-25T00:00:00Z,2021-10-25T08:14:25.684Z
246699,2022-07-12T20:37:40.271Z,2022-08-06T00:00:00Z,2022-07-12T20:19:01.172Z
243019,2022-04-07T17:12:25.082Z,2022-06-07T00:00:00Z,2022-04-07T10:52:59.339Z
240227,2021-12-28T22:06:40.465Z,2022-01-12T00:00:00Z,2021-12-28T18:23:17.587Z
242620,2022-03-29T23:11:32.866Z,2022-05-01T00:00:00Z,2022-03-29T22:59:35.277Z
239919,2021-12-08T20:56:30.897Z,2021-12-08T00:00:00Z,2021-12-08T10:03:41.012Z
239652,2021-11-28T16:51:13.782Z,2021-11-28T00:00:00Z,2021-11-28T16:30:15.59Z
239221,2021-11-03T16:47:40.661Z,2021-11-03T00:00:00Z,2021-11-03T15:15:59.285Z
241776,2022-02-28T17:49:23.855Z,2022-06-30T00:00:00Z,2022-02-28T17:41:10.371Z
239374,2021-11-11T23:54:11.801Z,2021-11-19T00:00:00Z,2021-11-11T18:45:21.823Z
243230,2022-04-13T17:36:44.812Z,2022-04-24T00:00:00Z,2022-04-13T15:14:39.005Z
229162,2021-08-06T08:24:57.733Z,2021-08-08T00:00:00Z,2021-08-06T08:15:01.278Z
231358,2021-08-09T17:48:45.638Z,2021-08-13T00:00:00Z,2021-08-09T17:26:01.67Z
240031,2021-12-15T22:37:26.893Z,2021-12-21T00:00:00Z,2021-12-14T20:20:14.816Z
239676,2021-11-29T17:44:50.683Z,2021-12-07T00:00:00Z,2021-11-29T11:06:27.346Z
239076,2021-10-25T09:36:19.232Z,2021-10-25T00:00:00Z,2021-10-24T21:51:39.079Z
239194,2021-11-01T18:00:47.735Z,2021-11-01T00:00:00Z,2021-11-01T10:59:55.404Z
239916,2021-12-08T20:53:22.514Z,2021-12-08T00:00:00Z,2021-12-08T09:57:48.711Z
242494,2022-03-25T21:10:19.906Z,2022-03-26T00:00:00Z,2022-03-25T19:50:34.98Z
240888,2022-01-20T20:14:55.099Z,2022-01-20T00:00:00Z,2022-01-20T16:14:59.928Z
246494,2022-06-07T15:08:42.739Z,2023-01-01T00:00:00Z,2022-06-06T20:12:06.266Z
239126,2021-10-29T18:03:59.965Z,2021-11-02T00:00:00Z,2021-10-28T23:02:39.189Z
249881,2023-07-10T19:02:44.966Z,2023-04-28T00:00:00Z,2023-04-03T19:02:44.966Z
241178,2022-01-29T18:12:14.403Z,2022-01-29T00:00:00Z,2022-01-29T10:05:01.058Z
242719,2022-04-01T15:36:45.506Z,2022-04-01T00:00:00Z,2022-04-01T09:10:56.833Z
242718,2022-04-01T15:36:09.277Z,2022-04-01T00:00:00Z,2022-04-01T09:10:35.111Z
242714,2022-04-01T15:35:32.659Z,2022-04-01T00:00:00Z,2022-04-01T09:07:59.032Z
246765,2022-07-18T18:09:35.847Z,2022-08-01T00:00:00Z,2022-07-18T18:05:14.576Z
242180,2022-03-17T19:15:08.587Z,2022-03-20T00:00:00Z,2022-03-17T18:51:15.884Z
244021,2022-05-02T22:25:28.549Z,2022-05-03T00:00:00Z,2022-05-02T21:37:05.816Z
239553,2021-11-22T17:42:20.72Z,2021-11-30T00:00:00Z,2021-11-22T12:20:53.863Z
242768,2022-04-02T16:39:42.573Z,2022-04-03T00:00:00Z,2022-04-02T10:20:27.182Z
57333,2021-01-25T00:00:00Z,2021-03-15T00:00:00Z,2021-01-25T18:10:03.551Z
226940,2021-07-29T16:20:32.069Z,2021-07-29T00:00:00Z,2021-07-29T16:10:01.467Z
243095,2022-04-11T17:38:36.867Z,2022-05-13T00:00:00Z,2022-04-11T17:33:40.628Z
239173,2021-10-31T09:18:56.82Z,2021-10-31T00:00:00Z,2021-10-31T08:09:15.56Z
228972,2021-08-05T18:46:33.351Z,2021-10-01T00:00:00Z,2021-08-05T17:00:01.145Z
240156,2021-12-23T22:11:02.537Z,2021-12-23T00:00:00Z,2021-12-23T19:06:36.226Z
242726,2022-04-01T15:39:12.01Z,2022-04-01T00:00:00Z,2022-04-01T09:12:56.24Z
240885,2022-01-20T20:06:35.275Z,2022-01-22T00:00:00Z,2022-01-19T21:59:11.2Z
240886,2022-01-20T20:06:43.031Z,2022-01-22T00:00:00Z,2022-01-19T22:01:35.417Z
240228,2021-12-28T20:28:19.175Z,2021-12-28T00:00:00Z,2021-12-28T18:26:53.635Z
240882,2022-01-20T20:06:08.739Z,2022-01-22T00:00:00Z,2022-01-19T21:52:02.784Z
240884,2022-01-20T20:06:28.006Z,2022-01-22T00:00:00Z,2022-01-19T21:56:11.184Z
240883,2022-01-20T20:06:17.995Z,2022-01-22T00:00:00Z,2022-01-19T21:54:07.08Z
239721,2021-12-01T19:45:07.528Z,2021-12-02T00:00:00Z,2021-12-01T10:02:31.098Z
239886,2021-12-09T18:47:03.324Z,2021-12-09T00:00:00Z,2021-12-07T11:38:50.835Z
240503,2022-01-12T21:29:36.529Z,2022-02-21T00:00:00Z,2022-01-11T17:30:22.527Z
239404,2021-11-15T17:27:14.372Z,2021-11-29T00:00:00Z,2021-11-13T01:10:31.289Z
242437,2022-03-24T18:42:01.08Z,2022-03-24T00:00:00Z,2022-03-24T17:40:47.014Z
242436,2022-03-24T18:41:25.821Z,2022-03-24T00:00:00Z,2022-03-24T17:38:52.925Z
239349,2021-11-10T20:19:59.841Z,2021-11-11T00:00:00Z,2021-11-10T19:10:45.401Z
239387,2021-11-12T20:21:31.23Z,2021-11-14T00:00:00Z,2021-11-12T12:17:58.582Z
242077,2022-03-15T18:45:50.611Z,2022-04-04T00:00:00Z,2022-03-14T22:46:29.506Z
239950,2021-12-10T18:18:45.185Z,2021-12-10T00:00:00Z,2021-12-10T16:50:00.359Z
243488,2022-04-20T14:42:15.209Z,2022-04-20T00:00:00Z,2022-04-20T07:59:57.764Z
238945,2023-08-24T16:35:29.55Z,2021-10-04T00:00:00Z,2021-10-04T23:08:12.416Z
242589,2022-03-28T21:41:59.8Z,2022-04-30T00:00:00Z,2022-03-28T20:55:41.108Z
240016,2021-12-13T19:15:07.67Z,2021-12-13T00:00:00Z,2021-12-13T10:22:33.825Z
242434,2022-03-24T18:22:41.012Z,2022-03-24T00:00:00Z,2022-03-24T17:30:12.731Z
242438,2022-03-24T18:42:12.114Z,2022-03-24T00:00:00Z,2022-03-24T17:42:13.809Z
240034,2021-12-15T01:37:34.573Z,2022-01-04T00:00:00Z,2021-12-14T21:32:13.577Z
244924,2022-05-17T14:00:39.805Z,2022-05-17T00:00:00Z,2022-05-17T05:53:16.565Z
239821,2021-12-06T21:00:48.968Z,2022-01-04T00:00:00Z,2021-12-03T22:47:36.503Z
246504,2022-06-08T17:27:56.875Z,2022-09-09T00:00:00Z,2022-06-08T17:07:00.317Z
243029,2022-04-07T20:54:42.28Z,2022-04-21T00:00:00Z,2022-04-07T20:16:57.27Z
239701,2021-12-01T19:21:39.537Z,2022-01-04T00:00:00Z,2021-11-30T14:36:32.46Z
240116,2021-12-21T18:26:27.642Z,2022-01-04T00:00:00Z,2021-12-20T23:19:52.018Z
239198,2021-11-02T16:59:13.068Z,2021-11-07T00:00:00Z,2021-11-02T09:47:21.907Z
246696,2022-07-12T21:42:49.139Z,2022-12-31T00:00:00Z,2022-07-12T20:01:55.547Z
240234,2021-12-28T21:55:35.929Z,2022-01-04T00:00:00Z,2021-12-28T19:58:58.807Z
246693,2022-07-12T21:43:44.048Z,2022-12-31T00:00:00Z,2022-07-12T19:51:06.278Z
239856,2021-12-06T17:46:45.453Z,2021-12-06T00:00:00Z,2021-12-06T15:47:26.82Z
246698,2022-07-12T21:43:15.918Z,2022-12-31T00:00:00Z,2022-07-12T20:10:46.992Z
240117,2021-12-21T18:25:30.561Z,2022-01-04T00:00:00Z,2021-12-20T23:22:16.154Z
246703,2022-07-13T14:04:27.938Z,2022-12-31T00:00:00Z,2022-07-13T13:53:09.319Z
241679,2022-02-24T14:33:55.551Z,2022-02-24T00:00:00Z,2022-02-24T12:36:26.146Z
242113,2022-03-15T19:06:00.119Z,2022-03-15T00:00:00Z,2022-03-15T18:55:30.287Z
239925,2021-12-08T21:20:01.058Z,2021-12-08T00:00:00Z,2021-12-08T10:19:37.772Z
239273,2021-11-07T00:59:54.003Z,2021-11-07T00:00:00Z,2021-11-06T19:22:50.515Z
246697,2022-07-12T21:43:01.718Z,2022-12-31T00:00:00Z,2022-07-12T20:08:23.257Z
239507,2021-11-19T19:42:13.041Z,2021-11-19T00:00:00Z,2021-11-19T15:09:08.615Z
241869,2022-03-03T19:42:56.389Z,2022-03-03T00:00:00Z,2022-03-03T17:20:39.424Z
241870,2022-03-03T19:43:11.063Z,2022-03-03T00:00:00Z,2022-03-03T17:34:29.553Z
241873,2022-03-03T20:12:38.372Z,2022-03-03T00:00:00Z,2022-03-03T17:59:28.455Z
239124,2021-10-29T18:19:41.617Z,2021-11-15T00:00:00Z,2021-10-28T22:50:27.51Z
241872,2022-03-03T20:12:27.703Z,2022-03-03T00:00:00Z,2022-03-03T17:45:57.029Z
238712,2021-09-07T23:10:44.346Z,2021-09-21T00:00:00Z,2021-09-07T19:46:01.39Z
241871,2022-03-03T20:12:18.907Z,2022-03-03T00:00:00Z,2022-03-03T17:41:25.198Z
245083,2022-05-20T15:55:48.064Z,2022-05-20T00:00:00Z,2022-05-20T08:07:34.695Z
245259,2022-05-24T14:59:19.152Z,2022-05-24T00:00:00Z,2022-05-24T08:02:45.628Z
238675,2021-08-29T06:31:17.936Z,2021-08-29T00:00:00Z,2021-08-29T06:00:01.603Z
240161,2021-12-26T08:49:09.639Z,2021-12-26T00:00:00Z,2021-12-23T19:22:01.18Z
241874,2022-03-03T20:13:07.394Z,2022-03-03T00:00:00Z,2022-03-03T18:07:32.263Z
240185,2021-12-26T21:06:47.509Z,2021-12-26T00:00:00Z,2021-12-26T18:02:39.01Z
241657,2022-02-23T22:09:23.627Z,2022-07-31T00:00:00Z,2022-02-23T18:20:36.773Z
241883,2022-03-03T22:27:47.685Z,2022-03-03T00:00:00Z,2022-03-03T22:13:40.531Z
243093,2022-04-11T17:26:38.42Z,2022-04-25T00:00:00Z,2022-04-11T17:07:59.419Z
243250,2022-04-14T15:05:33.703Z,2022-05-11T00:00:00Z,2022-04-14T00:04:22.017Z
242146,2022-03-17T17:42:58.868Z,2022-03-17T00:00:00Z,2022-03-17T12:46:57.143Z
242149,2022-03-17T17:43:55.944Z,2022-03-17T00:00:00Z,2022-03-17T12:47:52.991Z
244401,2022-05-08T00:35:52.991Z,2022-05-11T00:00:00Z,2022-05-07T23:54:44.168Z
243234,2022-04-13T20:38:44.939Z,2023-01-01T00:00:00Z,2022-04-13T20:28:05.643Z
242148,2022-03-17T17:43:23.585Z,2022-03-17T00:00:00Z,2022-03-17T12:47:28.967Z
239506,2021-11-19T19:41:59.76Z,2021-11-19T00:00:00Z,2021-11-19T14:58:12.079Z
239385,2021-11-12T20:20:23.463Z,2021-11-14T00:00:00Z,2021-11-12T12:06:41.57Z
238019,2021-08-20T01:50:28.831Z,2021-11-01T00:00:00Z,2021-08-18T22:50:01.276Z
240072,2021-12-17T21:19:55.284Z,2021-12-19T00:00:00Z,2021-12-16T23:04:41.027Z
243605,2022-04-23T16:31:17.271Z,2022-04-23T00:00:00Z,2022-04-23T08:02:55.049Z
243608,2022-04-23T16:33:23.063Z,2022-04-23T00:00:00Z,2022-04-23T08:09:34.071Z
243604,2022-04-23T16:30:44.016Z,2022-04-23T00:00:00Z,2022-04-23T08:00:39.355Z
246687,2022-07-13T17:54:29.105Z,2022-07-14T00:00:00Z,2022-07-12T09:09:33.9Z
245262,2022-05-24T15:01:33.647Z,2022-05-24T00:00:00Z,2022-05-24T08:09:39.762Z
243607,2022-04-23T16:32:26.883Z,2022-04-23T00:00:00Z,2022-04-23T08:07:22.845Z
239143,2021-10-30T19:39:39.502Z,2021-10-30T00:00:00Z,2021-10-30T12:28:18.113Z
242594,2022-03-28T22:27:25.187Z,2022-06-30T00:00:00Z,2022-03-28T21:42:48.823Z
240229,2021-12-28T20:28:54.61Z,2021-12-28T00:00:00Z,2021-12-28T18:29:17.764Z
239941,2021-12-09T18:33:47.635Z,2021-12-09T00:00:00Z,2021-12-09T11:18:50.477Z
240920,2022-01-24T18:34:19.674Z,2022-02-07T00:00:00Z,2022-01-21T17:40:10.46Z
243606,2022-04-23T16:32:03.916Z,2022-04-23T00:00:00Z,2022-04-23T08:05:05.8Z
238895,2021-09-27T18:35:17.56Z,2021-09-29T00:00:00Z,2021-09-27T18:23:34.791Z
241827,2022-03-02T16:37:26.271Z,2022-07-01T00:00:00Z,2022-03-02T16:25:11.593Z
239033,2021-10-19T21:22:07.407Z,2021-10-20T00:00:00Z,2021-10-19T17:27:28.104Z
242688,2022-03-31T23:22:16.465Z,2022-06-02T00:00:00Z,2022-03-31T21:15:48.642Z
239134,2021-10-29T19:07:00.247Z,2021-10-29T00:00:00Z,2021-10-29T12:16:08.044Z
239634,2021-11-28T17:00:20.367Z,2021-12-31T00:00:00Z,2021-11-27T22:42:34.863Z
229274,2021-08-06T18:20:25.054Z,2021-08-07T00:00:00Z,2021-08-06T17:05:01.381Z
239818,2021-12-04T19:48:14.37Z,2021-12-05T00:00:00Z,2021-12-03T20:19:14.108Z
239195,2021-11-01T18:01:00.586Z,2021-11-01T00:00:00Z,2021-11-01T11:03:35.764Z
241627,2022-02-20T17:25:12.76Z,2022-03-03T00:00:00Z,2022-02-20T12:52:10.822Z
240134,2021-12-22T19:08:04.974Z,2021-12-22T00:00:00Z,2021-12-22T07:59:20.608Z
239942,2021-12-09T18:35:06.585Z,2021-12-31T00:00:00Z,2021-12-09T11:21:54.718Z
239844,2021-12-05T20:46:38.55Z,2021-12-05T00:00:00Z,2021-12-05T17:25:40.784Z
243107,2022-04-11T23:25:36.283Z,2022-08-08T00:00:00Z,2022-04-11T22:52:18.402Z
246953,2022-08-09T17:03:05.981Z,2022-08-13T00:00:00Z,2022-08-09T14:38:17.826Z
242142,2022-03-17T17:42:08.427Z,2022-03-17T00:00:00Z,2022-03-17T12:45:41.671Z
240137,2021-12-22T20:52:28.213Z,2021-12-22T00:00:00Z,2021-12-22T08:03:20.85Z
239231,2021-11-03T16:59:16.242Z,2021-11-08T00:00:00Z,2021-11-03T16:11:22.88Z
239952,2021-12-10T18:20:56.07Z,2021-12-10T00:00:00Z,2021-12-10T16:56:12.696Z
239501,2021-11-18T17:26:50.313Z,2021-11-18T00:00:00Z,2021-11-18T11:23:13.16Z
239730,2021-12-01T19:34:01.316Z,2021-12-01T00:00:00Z,2021-12-01T12:59:18.429Z
243821,2022-04-26T21:11:14.653Z,2022-05-11T00:00:00Z,2022-04-26T20:03:16.84Z
238854,2021-09-22T20:58:05.073Z,2021-10-04T00:00:00Z,2021-09-22T19:48:02.953Z
239411,2021-11-15T18:55:24.435Z,2021-11-30T00:00:00Z,2021-11-13T12:09:45.639Z
239805,2021-12-03T20:07:08.382Z,2021-12-03T00:00:00Z,2021-12-03T18:46:40.319Z
239671,2021-11-29T17:28:52.065Z,2021-11-29T00:00:00Z,2021-11-29T10:30:25.703Z
234182,2021-08-12T18:36:28.501Z,2021-12-31T00:00:00Z,2021-08-12T17:00:01.358Z
240124,2021-12-21T18:24:30.18Z,2021-12-21T00:00:00Z,2021-12-21T15:14:51.089Z
241633,2022-02-21T18:24:51.138Z,2022-02-21T00:00:00Z,2022-02-21T13:23:03.016Z
241634,2022-02-21T18:24:56.897Z,2022-02-21T00:00:00Z,2022-02-21T13:31:28.695Z
240589,2022-01-12T21:12:22.967Z,2022-10-30T00:00:00Z,2022-01-11T23:32:32.726Z
240141,2021-12-23T17:00:22.299Z,2022-01-01T00:00:00Z,2021-12-22T13:10:55.779Z
240588,2022-01-12T21:12:19.235Z,2022-10-30T00:00:00Z,2022-01-11T23:24:40.33Z
241632,2022-02-21T18:24:43.925Z,2022-02-21T00:00:00Z,2022-02-21T13:21:25.942Z
240587,2022-01-12T21:12:10.483Z,2022-10-30T00:00:00Z,2022-01-11T23:04:47.539Z
240590,2022-01-12T21:12:30.695Z,2022-10-30T00:00:00Z,2022-01-11T23:39:28.888Z
246954,2022-08-09T21:54:18.18Z,2022-08-19T00:00:00Z,2022-08-09T21:40:02.138Z
241981,2022-03-09T00:25:31.299Z,2022-03-15T00:00:00Z,2022-03-08T23:55:41.846Z
238670,2021-08-27T20:27:00.231Z,2021-11-01T00:00:00Z,2021-08-27T20:00:01.173Z
238746,2021-09-13T21:06:20.904Z,2021-09-16T00:00:00Z,2021-09-13T17:40:01.267Z
240775,2022-01-16T21:23:56.359Z,2022-01-16T00:00:00Z,2022-01-16T13:22:24.714Z
244891,2022-05-15T15:51:58.256Z,2022-05-15T00:00:00Z,2022-05-15T04:59:05.559Z
245532,2022-05-26T16:06:55.604Z,2022-05-26T00:00:00Z,2022-05-26T07:25:34.701Z
243825,2022-04-26T21:13:27.16Z,2022-05-24T00:00:00Z,2022-04-26T20:22:21.142Z
242687,2022-03-31T23:17:03.409Z,2022-04-29T00:00:00Z,2022-03-31T21:13:02.511Z
239401,2021-11-15T17:16:21.215Z,2021-11-30T00:00:00Z,2021-11-13T00:34:52.906Z
240046,2021-12-15T21:38:38.588Z,2021-12-15T00:00:00Z,2021-12-15T09:57:49.247Z
242604,2022-03-29T15:56:17.02Z,2022-04-08T00:00:00Z,2022-03-29T12:39:05.267Z
241812,2022-03-04T15:57:49.811Z,2022-04-10T00:00:00Z,2022-03-02T00:37:18.229Z
244892,2022-05-15T15:52:04.856Z,2022-05-15T00:00:00Z,2022-05-15T05:01:21.937Z
240774,2022-01-16T21:23:46.713Z,2022-01-16T00:00:00Z,2022-01-16T13:21:20.766Z
239210,2021-11-03T16:18:54.276Z,2021-11-06T00:00:00Z,2021-11-02T22:03:47.244Z
240776,2022-01-16T21:24:03.262Z,2022-01-16T00:00:00Z,2022-01-16T13:23:24.685Z
246955,2022-08-09T21:55:42.112Z,2022-08-19T00:00:00Z,2022-08-09T21:43:34.666Z
239779,2021-12-02T19:20:10.244Z,2021-12-02T00:00:00Z,2021-12-02T13:55:30.218Z
240173,2021-12-26T08:54:51.316Z,2021-12-27T00:00:00Z,2021-12-23T19:46:58.489Z
238646,2021-08-26T21:58:23.363Z,2021-10-04T00:00:00Z,2021-08-24T17:42:01.142Z
240415,2022-01-12T21:37:10.629Z,2022-12-31T00:00:00Z,2022-01-11T14:11:14.22Z
239272,2021-11-07T00:59:15.266Z,2021-11-07T00:00:00Z,2021-11-06T19:20:46.464Z
242115,2022-03-15T19:39:45.816Z,2022-03-25T00:00:00Z,2022-03-15T19:23:35.852Z
240497,2022-01-12T21:06:20.372Z,2022-04-19T00:00:00Z,2022-01-11T17:13:09.697Z
240496,2022-01-12T21:05:59.121Z,2022-03-15T00:00:00Z,2022-01-11T17:11:25.511Z
246083,2022-06-02T18:02:46.067Z,2022-06-10T00:00:00Z,2022-06-01T20:50:57.291Z
240494,2022-01-12T21:06:02.596Z,2022-02-15T00:00:00Z,2022-01-11T17:04:29.191Z
239974,2021-12-11T10:23:50.567Z,2021-12-11T00:00:00Z,2021-12-10T22:34:24.903Z
241884,2022-03-04T17:31:46.797Z,2022-03-04T00:00:00Z,2022-03-04T15:14:17.634Z
244624,2022-05-11T00:43:47.537Z,2022-06-01T00:00:00Z,2022-05-10T22:41:51.212Z
241889,2022-03-04T17:34:54.612Z,2022-03-04T00:00:00Z,2022-03-04T15:33:22.679Z
241887,2022-03-04T17:33:49.441Z,2022-03-04T00:00:00Z,2022-03-04T15:27:50.387Z
241886,2022-03-04T17:33:16.048Z,2022-03-04T00:00:00Z,2022-03-04T15:22:06.409Z
246956,2022-08-09T21:59:43.043Z,2022-08-30T00:00:00Z,2022-08-09T21:49:20.002Z
242177,2022-03-17T19:19:35.649Z,2022-06-05T00:00:00Z,2022-03-17T18:31:25.546Z
241891,2022-03-04T17:35:31.657Z,2022-03-04T00:00:00Z,2022-03-04T16:17:25.011Z
244369,2022-05-07T01:15:50.22Z,2022-05-17T00:00:00Z,2022-05-06T19:53:13.676Z
240238,2021-12-29T16:46:33.584Z,2021-12-29T00:00:00Z,2021-12-29T13:32:11.441Z
244532,2022-05-09T16:20:59.764Z,2022-05-09T00:00:00Z,2022-05-09T08:00:22.903Z
244533,2022-05-09T16:21:56.696Z,2022-05-09T00:00:00Z,2022-05-09T08:02:34.844Z
239352,2021-11-10T20:21:51.529Z,2021-11-11T00:00:00Z,2021-11-10T19:18:57.97Z
244161,2022-05-03T21:26:12.716Z,2022-05-09T00:00:00Z,2022-05-03T20:24:26.293Z
239285,2021-11-07T21:14:25.065Z,2021-11-07T00:00:00Z,2021-11-07T13:45:22.044Z
240282,2022-01-02T19:30:46.329Z,2022-01-02T00:00:00Z,2022-01-02T16:53:23.186Z
229159,2021-08-06T18:00:10.564Z,2021-08-12T00:00:00Z,2021-08-06T08:05:01.252Z
237266,2021-08-18T01:10:35.95Z,2021-12-31T00:00:00Z,2021-08-17T22:02:01.134Z
241892,2022-03-04T21:12:02.956Z,2022-03-04T00:00:00Z,2022-03-04T16:18:41.096Z
241890,2022-03-04T17:35:21.431Z,2022-03-04T00:00:00Z,2022-03-04T15:37:14.895Z
239937,2021-12-09T18:29:38.09Z,2021-12-09T00:00:00Z,2021-12-09T11:09:41.976Z
244535,2022-05-09T16:24:12.815Z,2022-05-09T00:00:00Z,2022-05-09T08:07:15.417Z
240305,2022-01-05T23:32:09.415Z,2022-01-05T00:00:00Z,2022-01-05T23:25:24.434Z
244534,2022-05-09T16:23:08.237Z,2022-05-09T00:00:00Z,2022-05-09T08:04:54.871Z
239960,2021-12-11T10:13:13.609Z,2021-12-11T00:00:00Z,2021-12-10T18:02:11.976Z
246957,2022-08-10T13:07:07.539Z,2022-08-20T00:00:00Z,2022-08-09T22:03:11.171Z
242691,2022-03-31T23:21:16.184Z,2022-04-19T00:00:00Z,2022-03-31T22:22:50.352Z
240071,2021-12-17T21:16:47.05Z,2021-12-19T00:00:00Z,2021-12-16T22:56:24.862Z
239918,2021-12-08T20:56:03.867Z,2021-12-08T00:00:00Z,2021-12-08T10:01:20.924Z
240214,2021-12-28T17:31:07.211Z,2022-01-14T00:00:00Z,2021-12-28T08:25:22.825Z
239890,2021-12-07T18:50:00.085Z,2021-12-07T00:00:00Z,2021-12-07T12:12:16.92Z
239296,2021-11-08T20:14:25.154Z,2021-11-08T00:00:00Z,2021-11-08T10:32:13.83Z
240082,2021-12-17T22:39:25.283Z,2021-12-17T00:00:00Z,2021-12-17T16:03:11.916Z
239186,2021-11-01T17:47:19.152Z,2021-11-09T00:00:00Z,2021-11-01T09:47:15.388Z
246777,2022-07-20T22:49:58.641Z,2022-08-01T00:00:00Z,2022-07-20T21:56:01.684Z
240136,2021-12-22T19:09:42.806Z,2021-12-22T00:00:00Z,2021-12-22T08:02:24.787Z
246778,2022-07-20T22:50:26.247Z,2022-08-01T00:00:00Z,2022-07-20T21:57:42.207Z
246816,2022-07-25T16:49:36.309Z,2022-08-01T00:00:00Z,2022-07-25T16:24:31.056Z
246794,2022-07-22T16:35:01.028Z,2022-08-01T00:00:00Z,2022-07-22T16:14:49.021Z
243312,2022-04-15T21:55:57.355Z,2022-06-30T00:00:00Z,2022-04-15T21:29:03.052Z
241888,2022-03-04T17:34:23.743Z,2022-03-04T00:00:00Z,2022-03-04T15:31:22.62Z
240414,2022-01-12T21:38:43.003Z,2022-12-31T00:00:00Z,2022-01-11T14:09:18.139Z
239628,2021-11-27T19:11:02.046Z,2021-11-27T00:00:00Z,2021-11-27T18:46:38.364Z
239334,2021-11-10T17:39:56.527Z,2021-11-10T00:00:00Z,2021-11-10T09:51:33.864Z
240051,2021-12-15T21:42:18.129Z,2021-12-15T00:00:00Z,2021-12-15T10:05:25.572Z
240119,2021-12-21T18:12:16.708Z,2021-12-21T00:00:00Z,2021-12-21T14:35:52.332Z
